Date Submitted,Workout Date,Activity Type,Calories Burned (kCal),Distance (mi),Workout Time (seconds),Avg Pace (min/mi),Max Pace,Avg Speed (mi/h),Max Speed,Avg Heart Rate,Steps,Notes,Source,Link
"May 28, 2015","May 28, 2015",Run / Jog,771,6.8,3336,8.18,0,7.34,0,,0,,,http://www.mapmyrun.com/workout/1004958843
"Feb. 26, 2015","Feb. 26, 2015",Run / Jog,295,2.65,1080,6.79245,0,8.83333,0,0,5619,,,http://www.mapmyrun.com/workout/886806551
"Feb. 25, 2015","Feb. 25, 2015",Run / Jog,397,3.55,1440,6.76056,0,8.875,0,0,7528,,,http://www.mapmyrun.com/workout/885849853
"Feb. 24, 2015","Feb. 24, 2015",Run / Jog,422,3.8,1620,7.10526,0,8.44444,0,0,8058,,,http://www.mapmyrun.com/workout/884847741
"Feb. 23, 2015","Feb. 23, 2015",Run / Jog,315,2.86,1200,6.99301,0,8.58,0,0,6065,,,http://www.mapmyrun.com/workout/883897059
"Feb. 20, 2015","Feb. 20, 2015",Run / Jog,665,6.0,2551,7.08611,0,8.46727,0,0,12723,,,http://www.mapmyrun.com/workout/881191509
"Feb. 19, 2015","Feb. 19, 2015",Run / Jog,476,4.24,1680,6.60377,0,9.08571,0,0,8991,,,http://www.mapmyrun.com/workout/880330165
"Feb. 18, 2015","Feb. 18, 2015",Run / Jog,688,6.2,2640,7.09677,0,8.45455,0,0,13147,,,http://www.mapmyrun.com/workout/879372255
"Feb. 17, 2015","Feb. 17, 2015",Run / Jog,572,5.1,2220,7.2549,0,8.27027,0,0,10814,,,http://www.mapmyrun.com/workout/878355521
"Feb. 17, 2015","Feb. 13, 2015",Run / Jog,306,2.7,1260,7.77778,0,7.71429,0,0,5725,,,http://www.mapmyrun.com/workout/878356653
"Feb. 12, 2015","Feb. 12, 2015",Run / Jog,504,4.48,1800,6.69643,0,8.96,0,0,9500,,,http://www.mapmyrun.com/workout/874326479
"Feb. 11, 2015","Feb. 11, 2015",Run / Jog,473,4.3,1800,6.97674,0,8.6,0,0,9118,,,http://www.mapmyrun.com/workout/872481181
"Feb. 10, 2015","Feb. 10, 2015",Run / Jog,422,3.75,1800,8.0,0,7.5,0,0,7952,,,http://www.mapmyrun.com/workout/871524897
"Feb. 10, 2015","Feb. 8, 2015",Run / Jog,447,3.93,1800,7.63359,0,7.86,0,0,8333,,,http://www.mapmyrun.com/workout/871526463
"Feb. 5, 2015","Feb. 5, 2015",Run / Jog,309,2.76,1200,7.24638,0,8.28,0,0,5853,,,http://www.mapmyrun.com/workout/866462493
"Feb. 3, 2015","Feb. 3, 2015",Run / Jog,470,4.25,1800,7.05882,0,8.5,0,0,9012,,,http://www.mapmyrun.com/workout/864393989
"Jan. 28, 2015","Jan. 28, 2015",Run / Jog,447,3.93,1800,7.63359,0,7.86,0,0,8333,,,http://www.mapmyrun.com/workout/858516537
"Jan. 21, 2015","Jan. 21, 2015",Run / Jog,288,2.6,1380,8.84615,0,6.78261,0,0,5513,,,http://www.mapmyrun.com/workout/851040825
"Jan. 20, 2015","Jan. 20, 2015",Run / Jog,367,3.3,1800,9.09091,0,6.6,0,0,6998,,,http://www.mapmyrun.com/workout/849932221
"Dec. 26, 2014","Dec. 24, 2014",Run / Jog,280,2.5,1325,8.83,0,6.79,0,,0,,,http://www.mapmyrun.com/workout/825584369
"Dec. 23, 2014","Dec. 23, 2014",Run / Jog,283,2.5,1440,9.6,0,6.25,0,,0,,,http://www.mapmyrun.com/workout/823918919
"Dec. 22, 2014","Dec. 22, 2014",Run / Jog,344,3.0,1860,10.33,0,5.81,0,,0,,,http://www.mapmyrun.com/workout/823148161
"Nov. 20, 2014","Nov. 20, 2014",Run / Jog,342,3.0,1320,7.33,0,8.18,0,,0,,,http://www.mapmyrun.com/workout/800206723
"Nov. 12, 2014","Nov. 12, 2014",Run / Jog,343,3.0,1380,7.67,0,7.83,0,,0,,,http://www.mapmyrun.com/workout/793295213
"Nov. 12, 2014","Nov. 9, 2014",Machine Workout,476,0,3600,0,0,0,0,,0,,,http://www.mapmyrun.com/workout/793346039
"Nov. 8, 2014","Nov. 8, 2014",Run / Jog,313,3.0,1320,7.33333,0,8.18182,0,,,,,http://www.mapmyrun.com/workout/789731365
"Nov. 12, 2014","Nov. 7, 2014",Machine Workout,272,0,1800,0,0,0,0,,0,,,http://www.mapmyrun.com/workout/793346829
"Nov. 12, 2014","Nov. 7, 2014",Run / Jog,333,3.0,1260,7.0,0,8.57,0,,0,,,http://www.mapmyrun.com/workout/793290417
"Nov. 6, 2014","Nov. 6, 2014",Machine Workout,250,0,1800,0,0,0,0,,,,,http://www.mapmyrun.com/workout/787480143
"Nov. 5, 2014","Nov. 5, 2014",Run / Jog,41,0,1200,0,0,0,0,,,,,http://www.mapmyrun.com/workout/787086147
"Nov. 5, 2014","Nov. 5, 2014",Machine Workout,250,0,1800,0,0,0,0,,,,,http://www.mapmyrun.com/workout/786585675
"Nov. 4, 2014","Nov. 4, 2014",Bike Ride,136,0,900,0,0,0,0,,0,,,http://www.mapmyrun.com/workout/786040431
"Nov. 4, 2014","Nov. 4, 2014",Run / Jog,236,2.3,1200,8.69565,0,6.9,0,,,,,http://www.mapmyrun.com/workout/785954351
"Nov. 4, 2014","Nov. 4, 2014",Machine Workout,250,0,1800,0,0,0,0,,,,,http://www.mapmyrun.com/workout/785498887
"Nov. 3, 2014","Nov. 3, 2014",Machine Workout,363,0,2400,0,0,0,0,,0,,,http://www.mapmyrun.com/workout/785083667
"Nov. 3, 2014","Nov. 3, 2014",Machine Workout,250,0,1800,0,0,0,0,,,,,http://www.mapmyrun.com/workout/784608007
"Nov. 2, 2014","Nov. 2, 2014",Machine Workout,544,0,3600,0,0,0,0,,0,,,http://www.mapmyrun.com/workout/784227377
"Nov. 1, 2014","Nov. 1, 2014",Machine Workout,334,0,2400,0,0,0,0,,,,,http://www.mapmyrun.com/workout/782542149
"Nov. 3, 2014","Oct. 31, 2014",Machine Workout,499,0,3300,0,0,0,0,,0,,,http://www.mapmyrun.com/workout/785085363
"Oct. 29, 2014","Oct. 29, 2014",Machine Workout,501,0,3600,0,0,0,0,,,,,http://www.mapmyrun.com/workout/780795565
"Oct. 29, 2014","Oct. 28, 2014",Machine Workout,501,0,3600,0,0,0,0,,,,,http://www.mapmyrun.com/workout/780768491
"Oct. 29, 2014","Oct. 27, 2014",Machine Workout,250,0,1800,0,0,0,0,,,,,http://www.mapmyrun.com/workout/780770033
"Oct. 26, 2014","Oct. 26, 2014",Machine Workout,501,0,3600,0,0,0,0,,,,,http://www.mapmyrun.com/workout/777383333
"Oct. 26, 2014","Oct. 24, 2014",Machine Workout,334,0,2400,0,0,0,0,,,,,http://www.mapmyrun.com/workout/777381821
"Oct. 23, 2014","Oct. 23, 2014",Machine Workout,501,0,3600,0,0,0,0,,,,,http://www.mapmyrun.com/workout/774388053
"Oct. 22, 2014","Oct. 21, 2014",Machine Workout,501,0,3600,0,0,0,0,,,,,http://www.mapmyrun.com/workout/773747383
"Oct. 21, 2014","Oct. 20, 2014",Machine Workout,250,0,1800,0,0,0,0,,,,,http://www.mapmyrun.com/workout/772471927
"Nov. 3, 2014","Oct. 19, 2014",Swim,238,0,2100,0,0,0,0,,0,,,http://www.mapmyrun.com/workout/785089009
"Nov. 3, 2014","Oct. 18, 2014",Indoor Swim,238,0,2100,0,0,0,0,,0,,,http://www.mapmyrun.com/workout/785087923
"Oct. 17, 2014","Oct. 16, 2014",Machine Workout,334,0,2400,0,0,0,0,,,,,http://www.mapmyrun.com/workout/768374479
"Oct. 15, 2014","Oct. 15, 2014",Machine Workout,334,0,2400,0,0,0,0,,,,,http://www.mapmyrun.com/workout/766650611
"Oct. 16, 2014","Oct. 14, 2014",Machine Workout,501,0,3600,0,0,0,0,,,,,http://www.mapmyrun.com/workout/767871351
"Oct. 14, 2014","Oct. 13, 2014",Machine Workout,544,0,3600,0,0,0,0,,0,,,http://www.mapmyrun.com/workout/765530189
"Oct. 12, 2014","Oct. 12, 2014",Machine Workout,668,0,4800,0,0,0,0,,,,,http://www.mapmyrun.com/workout/763455653
"Oct. 12, 2014","Oct. 11, 2014",Machine Workout,501,0,3600,0,0,0,0,,,,,http://www.mapmyrun.com/workout/763458683
"Oct. 12, 2014","Oct. 10, 2014",Machine Workout,544,0,3600,0,0,0,0,,0,,,http://www.mapmyrun.com/workout/763484699
"Oct. 12, 2014","Oct. 8, 2014",Indoor Swim,278,0,2100,0,0,0,0,,0,,,http://www.mapmyrun.com/workout/763486579
"Oct. 12, 2014","Oct. 7, 2014",Machine Workout,408,0,2700,0,0,0,0,,0,,,http://www.mapmyrun.com/workout/763488251
"Oct. 12, 2014","Oct. 6, 2014",Indoor Swim,198,0,1500,0,0,0,0,,0,,,http://www.mapmyrun.com/workout/763485769
"Oct. 5, 2014","Oct. 5, 2014",Indoor Swim,238,0,1800,0,0,0,0,,0,,,http://www.mapmyrun.com/workout/756165963
"Oct. 5, 2014","Oct. 4, 2014",Bike Ride,680,0,4500,0,0,0,0,135,0,,,http://www.mapmyrun.com/workout/755979899
"Oct. 4, 2014","Oct. 4, 2014",Indoor Swim,198,0,1500,0,0,0,0,,0,,,http://www.mapmyrun.com/workout/755225901
"Oct. 4, 2014","Oct. 3, 2014",Indoor Swim,238,0,1800,0,0,0,0,,0,,,http://www.mapmyrun.com/workout/755229737
"Oct. 3, 2014","Oct. 3, 2014",Machine Workout,250,0,1800,0,0,0,0,,,,,http://www.mapmyrun.com/workout/753886347
"Oct. 3, 2014","Oct. 2, 2014",Indoor Swim,204,0,1800,0,0,0,0,,0,,,http://www.mapmyrun.com/workout/754081713
"Oct. 2, 2014","Oct. 2, 2014",Machine Workout,334,0,2400,0,0,0,0,,,,,http://www.mapmyrun.com/workout/752793745
"Oct. 2, 2014","Oct. 1, 2014",Machine Workout,752,0,5400,0,0,0,0,,0,,,http://www.mapmyrun.com/workout/752613961
"Oct. 3, 2014","Sept. 30, 2014",Machine Workout,544,0,3600,0,0,0,0,,0,,,http://www.mapmyrun.com/workout/754084213
"Sept. 30, 2014","Sept. 30, 2014",Machine Workout,250,0,1800,0,0,0,0,,,,,http://www.mapmyrun.com/workout/750496551
"Sept. 29, 2014","Sept. 29, 2014",Machine Workout,250,0,1800,0,0,0,0,,0,,,http://www.mapmyrun.com/workout/749839783
"Sept. 29, 2014","Sept. 29, 2014",Machine Workout,752,0,5400,0,0,0,0,,0,,,http://www.mapmyrun.com/workout/749838893
"Sept. 28, 2014","Sept. 28, 2014",Machine Workout,501,0,3600,0,0,0,0,,,,,http://www.mapmyrun.com/workout/748721113
"Sept. 28, 2014","Sept. 28, 2014",Indoor Swim,146,0,1200,0,0,0,0,,,,,http://www.mapmyrun.com/workout/748435967
"Sept. 27, 2014","Sept. 27, 2014",Run / Jog,518,5.0,2160,7.2,0,8.33333,0,,,,,http://www.mapmyrun.com/workout/747593853
"Sept. 27, 2014","Sept. 27, 2014",Machine Workout,292,0,2100,0,0,0,0,,,,,http://www.mapmyrun.com/workout/747593639
"Sept. 27, 2014","Sept. 26, 2014",Run / Jog,1221,11.0,4620,7.0,0,8.57,0,,0,,,http://www.mapmyrun.com/workout/747687479
"Sept. 27, 2014","Sept. 26, 2014",Run / Jog,408,4.0,1680,7.0,0,8.57143,0,,,,,http://www.mapmyrun.com/workout/747594143
"Sept. 25, 2014","Sept. 25, 2014",Run / Jog,613,6.0,2520,7.0,0,8.57143,0,,,,,http://www.mapmyrun.com/workout/745305925
"Sept. 25, 2014","Sept. 25, 2014",Run / Jog,313,3.0,1320,7.33333,0,8.18182,0,,,,,http://www.mapmyrun.com/workout/745304835
"Sept. 27, 2014","Sept. 24, 2014",Run / Jog,777,7.0,2940,7.0,0,8.57,0,,0,,,http://www.mapmyrun.com/workout/747685915
"Sept. 27, 2014","Sept. 24, 2014",Run / Jog,333,3.0,1260,7.0,0,8.57,0,,0,,,http://www.mapmyrun.com/workout/747685023
"Sept. 27, 2014","Sept. 23, 2014",Run / Jog,666,6.0,2520,7.0,0,8.57,0,,0,,,http://www.mapmyrun.com/workout/747684591
"Sept. 27, 2014","Sept. 23, 2014",Run / Jog,333,3.0,1260,7.0,0,8.57,0,,0,,,http://www.mapmyrun.com/workout/747684139
"Sept. 27, 2014","Sept. 22, 2014",Run / Jog,1332,12.0,5040,7.0,0,8.57,0,,0,,,http://www.mapmyrun.com/workout/747683517
"Sept. 27, 2014","Sept. 22, 2014",Run / Jog,333,3.0,1260,7.0,0,8.57,0,,0,,,http://www.mapmyrun.com/workout/747682439
"Sept. 22, 2014","Sept. 21, 2014",Run / Jog,333,3.0,1260,7.0,0,8.57,0,,0,,,http://www.mapmyrun.com/workout/741137897
"Sept. 22, 2014","Sept. 21, 2014",Run / Jog,999,9.0,3780,7.0,0,8.57,0,,0,,,http://www.mapmyrun.com/workout/741137131
"Sept. 22, 2014","Sept. 20, 2014",Run / Jog,333,3.0,1260,7.0,0,8.57,0,,0,,,http://www.mapmyrun.com/workout/741136223
"Sept. 22, 2014","Sept. 20, 2014",Run / Jog,1353,12.0,4860,6.75,0,8.89,0,,0,,,http://www.mapmyrun.com/workout/741134497
"Sept. 22, 2014","Sept. 19, 2014",Run / Jog,777,7.0,2940,7.0,0,8.57,0,,0,,,http://www.mapmyrun.com/workout/741132991
"Sept. 22, 2014","Sept. 19, 2014",Run / Jog,333,3.0,1260,7.0,0,8.57,0,,0,,,http://www.mapmyrun.com/workout/741132027
"Sept. 22, 2014","Sept. 18, 2014",Run / Jog,777,7.0,2940,7.0,0,8.57,0,,0,,,http://www.mapmyrun.com/workout/741130989
"Sept. 22, 2014","Sept. 18, 2014",Run / Jog,333,3.0,1260,7.0,0,8.57,0,,0,,,http://www.mapmyrun.com/workout/741130221
"Sept. 22, 2014","Sept. 17, 2014",Run / Jog,1412,12.5,5040,6.72,0,8.93,0,,0,,,http://www.mapmyrun.com/workout/741125995
"Sept. 22, 2014","Sept. 17, 2014",Run / Jog,333,3.0,1260,7.0,0,8.57,0,,0,,,http://www.mapmyrun.com/workout/741124537
"Sept. 22, 2014","Sept. 16, 2014",Run / Jog,888,8.0,3360,7.0,0,8.57,0,,0,,,http://www.mapmyrun.com/workout/741123767
"Sept. 22, 2014","Sept. 16, 2014",Run / Jog,444,4.0,1680,7.0,0,8.57,0,,0,,,http://www.mapmyrun.com/workout/741123039
"Sept. 15, 2014","Sept. 15, 2014",Run / Jog,1126,10.0,4060,6.77,0,8.87,0,,0,,,http://www.mapmyrun.com/workout/733201161
"Sept. 15, 2014","Sept. 15, 2014",Run / Jog,430,4.2,1772,7.03175,0,8.53273,0,,,,,http://www.mapmyrun.com/workout/732483915
"Sept. 14, 2014","Sept. 14, 2014",Run / Jog,333,3.0,1260,7.0,0,8.57,0,,0,,,http://www.mapmyrun.com/workout/731800783
"Sept. 14, 2014","Sept. 14, 2014",Run / Jog,1446,13.0,5400,6.92,0,8.67,0,,0,,,http://www.mapmyrun.com/workout/731714385
"Sept. 13, 2014","Sept. 13, 2014",Run / Jog,333,3.0,1260,7.0,0,8.57,0,,0,,,http://www.mapmyrun.com/workout/730807179
"Sept. 13, 2014","Sept. 13, 2014",Run / Jog,635,10.0,4200,7.0,0,8.57,0,,0,,,http://www.mapmyrun.com/workout/730806607
"Sept. 13, 2014","Sept. 12, 2014",Run / Jog,333,3.0,1260,7.0,0,8.57,0,,0,,,http://www.mapmyrun.com/workout/730804259
"Sept. 13, 2014","Sept. 12, 2014",Run / Jog,777,7.0,2940,7.0,0,8.57,0,,0,,,http://www.mapmyrun.com/workout/730802369
"Sept. 13, 2014","Sept. 11, 2014",Run / Jog,1110,10.0,4200,7.0,0,8.57,0,,0,,,http://www.mapmyrun.com/workout/730803519
"Sept. 13, 2014","Sept. 11, 2014",Run / Jog,333,3.0,1260,7.0,0,8.57,0,,0,,,http://www.mapmyrun.com/workout/730803181
"Sept. 13, 2014","Sept. 10, 2014",Run / Jog,445,7.0,2940,7.0,0,8.57,0,,0,,,http://www.mapmyrun.com/workout/730802815
"Sept. 13, 2014","Sept. 10, 2014",Run / Jog,444,4.0,1680,7.0,0,8.57,0,,0,,,http://www.mapmyrun.com/workout/730802137
"Sept. 13, 2014","Sept. 9, 2014",Run / Jog,333,3.0,1260,7.0,0,8.57,0,,0,,,http://www.mapmyrun.com/workout/730801851
"Sept. 10, 2014","Sept. 8, 2014",Run / Jog,827,8.0,3120,6.5,0,9.23077,0,,,,,http://www.mapmyrun.com/workout/726215277
"Sept. 8, 2014","Sept. 8, 2014",Run / Jog,343,3.0,1380,7.67,0,7.83,0,,0,,,http://www.mapmyrun.com/workout/724457959
"Sept. 8, 2014","Sept. 8, 2014",Run / Jog,999,9.0,3780,7.0,0,8.57,0,,0,,,http://www.mapmyrun.com/workout/724454691
"Sept. 7, 2014","Sept. 7, 2014",Run / Jog,338,3.0,1480,8.22,0,7.3,0,,0,,,http://www.mapmyrun.com/workout/722933243
"Sept. 7, 2014","Sept. 7, 2014",Run / Jog,1449,14.0,5700,6.78571,0,8.8421,0,,,,,http://www.mapmyrun.com/workout/722336077
"Sept. 7, 2014","Sept. 6, 2014",Run / Jog,444,4.0,1680,7.0,0,8.57,0,,0,,,http://www.mapmyrun.com/workout/722858411
"Sept. 7, 2014","Sept. 6, 2014",Run / Jog,1004,9.0,3720,6.89,0,8.71,0,,0,,,http://www.mapmyrun.com/workout/722856203
"Sept. 5, 2014","Sept. 5, 2014",Run / Jog,570,5.0,2220,7.4,0,8.11,0,,0,,,http://www.mapmyrun.com/workout/720350797
"Sept. 5, 2014","Sept. 5, 2014",Run / Jog,910,8.2,3420,6.95,0,8.63,0,,0,,,http://www.mapmyrun.com/workout/720350129
"Sept. 4, 2014","Sept. 4, 2014",Run / Jog,310,3.0,1500,8.33333,0,7.2,0,,,,,http://www.mapmyrun.com/workout/719310541
"Sept. 4, 2014","Sept. 4, 2014",Run / Jog,722,7.0,3000,7.14286,0,8.4,0,,,,,http://www.mapmyrun.com/workout/719310063
"Sept. 4, 2014","Sept. 3, 2014",Run / Jog,770,7.5,3180,7.06667,0,8.49057,0,,,,,http://www.mapmyrun.com/workout/719313509
"Sept. 5, 2014","Sept. 2, 2014",Run / Jog,999,9.0,3780,7.0,0,8.57,0,,0,,,http://www.mapmyrun.com/workout/720348523
"Sept. 5, 2014","Sept. 2, 2014",Run / Jog,341,3.0,1320,7.33,0,8.18,0,,0,,,http://www.mapmyrun.com/workout/720347879
"Sept. 4, 2014","Sept. 2, 2014",Run / Jog,416,4.0,1740,7.25,0,8.27586,0,,,,,http://www.mapmyrun.com/workout/719311571
"Sept. 2, 2014","Sept. 1, 2014",Run / Jog,1021,9.2,3840,6.96,0,8.63,0,,0,,,http://www.mapmyrun.com/workout/715970565
"Sept. 1, 2014","Sept. 1, 2014",Run / Jog,422,4.0,1795,7.47917,0,8.02228,0,,,,,http://www.mapmyrun.com/workout/715214607
"Sept. 7, 2014","Aug. 31, 2014",Run / Jog,444,4.0,1260,5.25,0,11.43,0,,0,,,http://www.mapmyrun.com/workout/722934259
"Aug. 31, 2014","Aug. 31, 2014",Run / Jog,1075,9.5,3780,6.63,0,9.05,0,,0,,,http://www.mapmyrun.com/workout/713427287
"Aug. 31, 2014","Aug. 30, 2014",Run / Jog,622,5.5,2400,7.27,0,8.25,0,,0,,,http://www.mapmyrun.com/workout/713424155
"Aug. 31, 2014","Aug. 30, 2014",Run / Jog,1463,13.0,5280,6.77,0,8.86,0,,0,,,http://www.mapmyrun.com/workout/713421923
"Aug. 29, 2014","Aug. 29, 2014",Run / Jog,772,7.5,3199,7.10889,0,8.44014,0,,,,,http://www.mapmyrun.com/workout/710906543
"Aug. 29, 2014","Aug. 29, 2014",Run / Jog,416,4.0,1956,8.15,0,7.36196,0,,,,,http://www.mapmyrun.com/workout/710223063
"Aug. 28, 2014","Aug. 28, 2014",Run / Jog,423,4.0,1800,7.5,0,8.0,0,,,,,http://www.mapmyrun.com/workout/709892587
"Aug. 28, 2014","Aug. 28, 2014",Run / Jog,1034,10.0,4077,6.795,0,8.83002,0,,,,,http://www.mapmyrun.com/workout/709892391
"Aug. 28, 2014","Aug. 27, 2014",Run / Jog,832,8.0,3480,7.25,0,8.27586,0,,,,,http://www.mapmyrun.com/workout/709893743
"Aug. 28, 2014","Aug. 27, 2014",Run / Jog,413,4.0,1560,6.5,0,9.23077,0,,,,,http://www.mapmyrun.com/workout/709893241
"Aug. 26, 2014","Aug. 26, 2014",Run / Jog,572,5.0,2300,7.67,0,7.83,0,,0,,,http://www.mapmyrun.com/workout/706810553
"Aug. 26, 2014","Aug. 26, 2014",Run / Jog,672,6.0,2325,6.46,0,9.29,0,,0,,,http://www.mapmyrun.com/workout/706805301
"Aug. 26, 2014","Aug. 25, 2014",Run / Jog,555,5.0,2100,7.0,0,8.57,0,,0,,,http://www.mapmyrun.com/workout/706814589
"Aug. 25, 2014","Aug. 25, 2014",Run / Jog,761,7.2,3240,7.5,0,8.0,0,,,,,http://www.mapmyrun.com/workout/704595149
"Aug. 24, 2014","Aug. 24, 2014",Run / Jog,613,6.0,2520,7.0,0,8.57143,0,,,,,http://www.mapmyrun.com/workout/704019011
"Aug. 24, 2014","Aug. 24, 2014",Run / Jog,1241,12.0,5160,7.16667,0,8.37209,0,,,,,http://www.mapmyrun.com/workout/704019001
"Aug. 24, 2014","Aug. 23, 2014",Run / Jog,587,5.2,2100,6.73,0,8.91,0,,0,,,http://www.mapmyrun.com/workout/704027657
"Aug. 24, 2014","Aug. 23, 2014",Run / Jog,674,6.0,2580,7.17,0,8.37,0,,0,,,http://www.mapmyrun.com/workout/704026503
"Aug. 22, 2014","Aug. 22, 2014",Run / Jog,495,4.7,2100,7.44681,0,8.05714,0,,,,,http://www.mapmyrun.com/workout/701471631
"Aug. 22, 2014","Aug. 22, 2014",Run / Jog,467,4.5,2220,8.22222,0,7.2973,0,,,,,http://www.mapmyrun.com/workout/701471375
"Aug. 24, 2014","Aug. 21, 2014",Run / Jog,594,5.2,2400,7.69,0,7.8,0,,0,,,http://www.mapmyrun.com/workout/704025499
"Aug. 21, 2014","Aug. 21, 2014",Run / Jog,1015,9.0,4440,8.22,0,7.3,0,,0,,,http://www.mapmyrun.com/workout/699866933
"Aug. 21, 2014","Aug. 20, 2014",Run / Jog,555,5.0,2100,7.0,0,8.57,0,,0,,,http://www.mapmyrun.com/workout/699865463
"Aug. 21, 2014","Aug. 20, 2014",Run / Jog,589,5.2,2520,8.08,0,7.43,0,,0,,,http://www.mapmyrun.com/workout/699863637
"Aug. 21, 2014","Aug. 19, 2014",Run / Jog,689,6.0,2700,7.5,0,8.0,0,,0,,,http://www.mapmyrun.com/workout/699862971
"Aug. 19, 2014","Aug. 19, 2014",Run / Jog,581,5.2,2213,7.09,0,8.46,0,,0,,,http://www.mapmyrun.com/workout/696962415
"Aug. 19, 2014","Aug. 18, 2014",Run / Jog,582,5.2,2220,7.12,0,8.43,0,,0,,,http://www.mapmyrun.com/workout/696960819
"Aug. 19, 2014","Aug. 18, 2014",Run / Jog,555,5.2,2460,7.88,0,7.61,0,,0,,,http://www.mapmyrun.com/workout/696959069
"Aug. 19, 2014","Aug. 17, 2014",Run / Jog,318,5.0,2100,7.0,0,8.57,0,,0,,,http://www.mapmyrun.com/workout/696958151
"Aug. 19, 2014","Aug. 15, 2014",Run / Jog,499,4.5,1891,7.0,0,8.57,0,,0,,,http://www.mapmyrun.com/workout/696957319
"Aug. 19, 2014","Aug. 15, 2014",Run / Jog,318,5.0,2100,7.0,0,8.57,0,,0,,,http://www.mapmyrun.com/workout/696955825
"Aug. 19, 2014","Aug. 14, 2014",Run / Jog,961,8.5,3420,6.71,0,8.95,0,,0,,,http://www.mapmyrun.com/workout/696954095
"Aug. 19, 2014","Aug. 14, 2014",Run / Jog,284,2.5,1200,8.0,0,7.5,0,,0,,,http://www.mapmyrun.com/workout/696952981
"Aug. 19, 2014","Aug. 13, 2014",Run / Jog,1058,9.5,4020,7.05,0,8.51,0,,0,,,http://www.mapmyrun.com/workout/696952083
"Aug. 19, 2014","Aug. 13, 2014",Run / Jog,563,5.0,2160,7.2,0,8.33,0,,0,,,http://www.mapmyrun.com/workout/696950957
"Aug. 19, 2014","Aug. 12, 2014",Run / Jog,513,4.5,2100,7.78,0,7.71,0,,0,,,http://www.mapmyrun.com/workout/696950187
"Aug. 19, 2014","Aug. 11, 2014",Run / Jog,777,7.0,2940,7.0,0,8.57,0,,0,,,http://www.mapmyrun.com/workout/696949117
"Aug. 19, 2014","Aug. 11, 2014",Run / Jog,777,7.0,2940,7.0,0,8.57,0,,0,,,http://www.mapmyrun.com/workout/696948427
"Aug. 19, 2014","Aug. 10, 2014",Run / Jog,753,12.0,4980,6.92,0,8.67,0,,0,,,http://www.mapmyrun.com/workout/696945795
"Aug. 10, 2014","Aug. 10, 2014",Run / Jog,514,5.0,2580,8.6,0,6.97674,0,,,,,http://www.mapmyrun.com/workout/684299775
"Aug. 19, 2014","Aug. 9, 2014",Run / Jog,888,8.0,3360,7.0,0,8.57,0,,0,,,http://www.mapmyrun.com/workout/696944951
"Aug. 19, 2014","Aug. 8, 2014",Run / Jog,999,9.0,3780,7.0,0,8.57,0,,0,,,http://www.mapmyrun.com/workout/696943487
"Aug. 19, 2014","Aug. 8, 2014",Run / Jog,444,4.0,1680,7.0,0,8.57,0,,0,,,http://www.mapmyrun.com/workout/696942727
"Aug. 19, 2014","Aug. 7, 2014",Run / Jog,919,8.0,3600,7.5,0,8.0,0,,0,,,http://www.mapmyrun.com/workout/696941957
"Aug. 19, 2014","Aug. 7, 2014",Run / Jog,272,4.0,1800,7.5,0,8.0,0,,0,,,http://www.mapmyrun.com/workout/696939341
"Aug. 19, 2014","Aug. 6, 2014",Run / Jog,919,8.0,3600,7.5,0,8.0,0,,0,,,http://www.mapmyrun.com/workout/696938565
"Aug. 19, 2014","Aug. 6, 2014",Run / Jog,333,3.0,1260,7.0,0,8.57,0,,0,,,http://www.mapmyrun.com/workout/696937687
"Aug. 19, 2014","Aug. 5, 2014",Run / Jog,1344,12.0,4920,6.83,0,8.78,0,,0,,,http://www.mapmyrun.com/workout/696936697
"Aug. 9, 2014","Aug. 4, 2014",Run / Jog,1081,9.7,4020,6.91,0,8.69,0,,0,,,http://www.mapmyrun.com/workout/683399731
"Aug. 3, 2014","Aug. 3, 2014",Run / Jog,1181,10.3,4620,7.48,0,8.03,0,,0,,,http://www.mapmyrun.com/workout/674365895
"Aug. 3, 2014","Aug. 2, 2014",Run / Jog,1061,10.2,4441,7.25654,0,8.26841,0,,,,,http://www.mapmyrun.com/workout/674044673
"Aug. 1, 2014","Aug. 1, 2014",Run / Jog,800,7.0,3240,7.71,0,7.78,0,,0,,,http://www.mapmyrun.com/workout/672321931
"Aug. 1, 2014","Aug. 1, 2014",Run / Jog,681,6.0,2640,7.33,0,8.18,0,,0,,,http://www.mapmyrun.com/workout/672321519
"July 31, 2014","July 31, 2014",Run / Jog,596,5.0,1717,5.72333,0,10.4834,0,0,0,,,http://www.mapmyrun.com/workout/670944705
"July 31, 2014","July 31, 2014",Run / Jog,1116,9.3,3949,7.07706,0,8.4781,0,0,0,,,http://www.mapmyrun.com/workout/670434013
"July 31, 2014","July 30, 2014",Run / Jog,597,5.0,2104,7.01333,0,8.55513,0,0,0,,,http://www.mapmyrun.com/workout/670435065
"July 30, 2014","July 30, 2014",Run / Jog,1140,10.0,4440,7.4,0,8.11,0,,0,,,http://www.mapmyrun.com/workout/669190687
"July 30, 2014","July 29, 2014",Run / Jog,555,5.0,2100,7.0,0,8.57,0,,0,,,http://www.mapmyrun.com/workout/669189813
"July 29, 2014","July 29, 2014",Run / Jog,1087,9.5,4245,7.45,0,8.06,0,,0,,,http://www.mapmyrun.com/workout/667238067
"July 28, 2014","July 28, 2014",Run / Jog,616,5.0,2280,7.6,0,7.89474,0,0,0,,,http://www.mapmyrun.com/workout/666588273
"July 28, 2014","July 28, 2014",Run / Jog,178,9.0,4380,8.11,0,7.4,0,0,0,,,http://www.mapmyrun.com/workout/666587873
"July 27, 2014","July 27, 2014",Run / Jog,365,3.2,1502,7.82,0,7.67,0,,0,,,http://www.mapmyrun.com/workout/665015155
"July 27, 2014","July 27, 2014",Run / Jog,674,6.0,2580,7.17,0,8.37,0,,0,,,http://www.mapmyrun.com/workout/665014793
"July 27, 2014","July 26, 2014",Run / Jog,674,6.0,2580,7.17,0,8.37,0,,0,,,http://www.mapmyrun.com/workout/665014567
"July 26, 2014","July 26, 2014",Run / Jog,610,5.0,2400,8.0,0,7.5,0,0,0,,,http://www.mapmyrun.com/workout/662838141
"July 26, 2014","July 25, 2014",Run / Jog,735,6.0,2820,7.83333,0,7.65957,0,0,0,,,http://www.mapmyrun.com/workout/662603421
"July 25, 2014","July 25, 2014",Run / Jog,617,5.0,2262,7.54,0,7.95756,0,0,0,,,http://www.mapmyrun.com/workout/662186091
"July 24, 2014","July 24, 2014",Run / Jog,717,6.3,2786,7.37,0,8.14,0,,0,,,http://www.mapmyrun.com/workout/661266959
"July 24, 2014","July 24, 2014",Run / Jog,343,3.0,1380,7.67,0,7.83,0,,0,,,http://www.mapmyrun.com/workout/661266475
"July 23, 2014","July 23, 2014",Run / Jog,617,5.0,2258,7.52667,0,7.97166,0,0,0,,,http://www.mapmyrun.com/workout/659641525
"July 23, 2014","July 23, 2014",Run / Jog,573,5.0,2277,7.59,0,7.91,0,,0,,,http://www.mapmyrun.com/workout/659067265
"July 22, 2014","July 22, 2014",Run / Jog,916,8.0,3653,7.61,0,7.88,0,,0,,,http://www.mapmyrun.com/workout/658358201
"July 21, 2014","July 21, 2014",Run / Jog,680,6.0,2880,8.0,0,7.5,0,,0,,,http://www.mapmyrun.com/workout/656841845
"July 21, 2014","July 21, 2014",Run / Jog,567,5.0,2400,8.0,0,7.5,0,,0,,,http://www.mapmyrun.com/workout/655799947
"July 20, 2014","July 20, 2014",Run / Jog,769,6.3,2768,7.32275,0,8.19364,0,0,0,,,http://www.mapmyrun.com/workout/655207821
"July 20, 2014","July 20, 2014",Machine Workout,371,0,1800,0,0,0,0,0,0,,,http://www.mapmyrun.com/workout/654321329
"July 20, 2014","July 20, 2014",Run / Jog,610,5.0,2400,8.0,0,7.5,0,0,0,,,http://www.mapmyrun.com/workout/654260711
"July 19, 2014","July 19, 2014",Run / Jog,483,4.0,1723,7.17917,0,8.35752,0,0,0,,,http://www.mapmyrun.com/workout/653797469
"July 19, 2014","July 19, 2014",Run / Jog,604,5.0,2040,6.8,0,8.82353,0,0,0,,,http://www.mapmyrun.com/workout/653488857
"July 19, 2014","July 19, 2014",Machine Workout,450,0,1800,0,0,0,0,0,0,,,http://www.mapmyrun.com/workout/653487257
"July 18, 2014","July 18, 2014",Run / Jog,794,7.0,2989,7.12,4.42687,8.43,13.5536,133,0,,Garmin Forerunner 110,http://www.mapmyrun.com/workout/652609125
"July 17, 2014","July 17, 2014",Run / Jog,606,5.0,2028,6.76,0,8.87574,0,0,0,,,http://www.mapmyrun.com/workout/651417921
"July 17, 2014","July 17, 2014",Machine Workout,954,0,4500,0,0,0,0,0,0,,,http://www.mapmyrun.com/workout/650622979
"July 17, 2014","July 17, 2014",Run / Jog,485,4.0,1968,8.2,0,7.31707,0,0,0,,,http://www.mapmyrun.com/workout/650509027
"July 16, 2014","July 16, 2014",Run / Jog,723,6.0,2324,6.45556,0,9.29432,0,0,0,,,http://www.mapmyrun.com/workout/650062191
"July 16, 2014","July 16, 2014",Machine Workout,974,0,4500,0,0,0,0,0,0,,,http://www.mapmyrun.com/workout/648983665
"July 16, 2014","July 16, 2014",Run / Jog,241,2.0,1020,8.5,0,7.05882,0,0,0,,,http://www.mapmyrun.com/workout/648885413
"July 16, 2014","July 15, 2014",Run / Jog,486,4.0,1740,7.25,0,8.27586,0,0,0,,,http://www.mapmyrun.com/workout/648768511
"July 15, 2014","July 15, 2014",Machine Workout,1075,0,4500,0,0,0,0,0,0,,,http://www.mapmyrun.com/workout/647533897
"July 14, 2014","July 14, 2014",Run / Jog,447,4.0,1707,7.11,0,8.44,0,,0,,,http://www.mapmyrun.com/workout/646955385
"July 14, 2014","July 14, 2014",Machine Workout,820,0,3600,0,0,0,0,0,0,,,http://www.mapmyrun.com/workout/646117263
"July 13, 2014","July 13, 2014",Run / Jog,0,5.0,0,0,0,0,0,0,0,,,http://www.mapmyrun.com/workout/645619891
"July 13, 2014","July 13, 2014",Indoor Swim,488,0,3000,0,0,0,0,0,0,,,http://www.mapmyrun.com/workout/645619491
"July 13, 2014","July 13, 2014",Machine Workout,1131,0,4500,0,0,0,0,0,0,,,http://www.mapmyrun.com/workout/644953293
"July 11, 2014","July 11, 2014",Machine Workout,1034,0,4500,0,0,0,0,0,0,,,http://www.mapmyrun.com/workout/642314137
"July 11, 2014","July 10, 2014",Run / Jog,680,6.0,3600,10.0,0,6.0,0,,0,,,http://www.mapmyrun.com/workout/642822149
"July 11, 2014","July 10, 2014",Indoor Swim,544,0,3600,0,0,0,0,,0,,,http://www.mapmyrun.com/workout/642821727
"July 10, 2014","July 10, 2014",Machine Workout,1011,0,4500,0,0,0,0,,0,,,http://www.mapmyrun.com/workout/640914357
"July 9, 2014","July 9, 2014",Run / Jog,732,6.0,3600,10.0,0,6.0,0,0,0,,,http://www.mapmyrun.com/workout/640566227
"July 9, 2014","July 9, 2014",Indoor Swim,585,0,3600,0,0,0,0,0,0,,,http://www.mapmyrun.com/workout/640565643
"July 9, 2014","July 9, 2014",Machine Workout,999,0,4500,0,0,0,0,0,0,,,http://www.mapmyrun.com/workout/639476073
"July 8, 2014","July 8, 2014",Machine Workout,982,0,4560,0,0,0,0,0,0,,,http://www.mapmyrun.com/workout/638982767
"July 8, 2014","July 8, 2014",Run / Jog,732,6.0,3600,10.0,0,6.0,0,0,0,,,http://www.mapmyrun.com/workout/638250009
"July 8, 2014","July 8, 2014",Indoor Swim,585,0,3600,0,0,0,0,0,0,,,http://www.mapmyrun.com/workout/638249275
"July 7, 2014","July 7, 2014",Machine Workout,950,0,3900,0,0,0,0,,0,,,http://www.mapmyrun.com/workout/637657457
"July 7, 2014","July 7, 2014",Indoor Swim,170,0,1200,0,0,0,0,0,0,,,http://www.mapmyrun.com/workout/636860103
"July 6, 2014","July 6, 2014",Run / Jog,478,4.25,1664,6.53,0,9.19,0,,0,,,http://www.mapmyrun.com/workout/636071135
"July 6, 2014","July 5, 2014",Run / Jog,628,4.99543,2159,7.20451,5.2408,8.32811,11.4486,,,,Garmin Forerunner 110,http://www.mapmyrun.com/workout/636070065
"July 6, 2014","July 4, 2014",Run / Jog,367,2.99999,1468,8.15518,5.97914,7.35728,10.0349,,,,Garmin Forerunner 110,http://www.mapmyrun.com/workout/636070109
"July 6, 2014","July 4, 2014",Run / Jog,384,3.14421,1927,10.2103,7.81083,5.87643,7.68164,,,,Garmin Forerunner 110,http://www.mapmyrun.com/workout/636070085
"July 3, 2014","July 3, 2014",Run / Jog,848,7.0,3488,8.30476,0,7.22477,0,0,0,,,http://www.mapmyrun.com/workout/632084061
"July 2, 2014","July 2, 2014",Run / Jog,546,4.42999,2446,9.20151,6.99958,6.52067,8.57194,,,,Garmin Forerunner 110,http://www.mapmyrun.com/workout/630592191
"July 1, 2014","July 1, 2014",Run / Jog,726,6.4,3840,10.0,0,6.0,0,,0,,,http://www.mapmyrun.com/workout/629883133
"July 1, 2014","July 1, 2014",Indoor Swim,581,0,3840,0,0,0,0,,0,,,http://www.mapmyrun.com/workout/629882021
"July 1, 2014","July 1, 2014",Indoor Swim,170,0,1200,0,0,0,0,0,0,,,http://www.mapmyrun.com/workout/629312445
"July 1, 2014","July 1, 2014",Run / Jog,638,5.29,2166,6.8242,0,8.79224,0,0,0,,,http://www.mapmyrun.com/workout/628848965
"June 30, 2014","June 30, 2014",Run / Jog,732,6.0,3600,10.0,0,6.0,0,0,0,,,http://www.mapmyrun.com/workout/628435101
"June 30, 2014","June 30, 2014",Indoor Swim,585,0,3600,0,0,0,0,0,0,,,http://www.mapmyrun.com/workout/628434363
"June 30, 2014","June 30, 2014",Run / Jog,850,7.0,3447,8.20714,0,7.31071,0,0,0,,,http://www.mapmyrun.com/workout/627480341
"June 29, 2014","June 29, 2014",Run / Jog,680,6.0,3600,10.0,0,6.0,0,,0,,,http://www.mapmyrun.com/workout/627176293
"June 29, 2014","June 29, 2014",Indoor Swim,544,0,3600,0,0,0,0,,0,,,http://www.mapmyrun.com/workout/627175531
"June 29, 2014","June 29, 2014",Run / Jog,616,5.0,2278,7.59333,0,7.90167,0,0,0,,,http://www.mapmyrun.com/workout/626487467
"June 28, 2014","June 28, 2014",Run / Jog,646,5.3,3180,10.0,0,6.0,0,0,0,,,http://www.mapmyrun.com/workout/625437661
"June 28, 2014","June 28, 2014",Indoor Swim,517,0,3180,0,0,0,0,0,0,,,http://www.mapmyrun.com/workout/625436647
"June 28, 2014","June 28, 2014",Run / Jog,244,2.0,1200,10.0,0,6.0,0,0,0,,,http://www.mapmyrun.com/workout/625302481
"June 28, 2014","June 27, 2014",Run / Jog,1089,10.0,3600,6.0,0,10.0,0,,0,,,http://www.mapmyrun.com/workout/625158527
"June 28, 2014","June 27, 2014",Indoor Swim,907,0,6000,0,0,0,0,,0,,,http://www.mapmyrun.com/workout/625152829
"June 27, 2014","June 27, 2014",Run / Jog,610,5.0,3000,10.0,0,6.0,0,0,0,,,http://www.mapmyrun.com/workout/624267089
"June 27, 2014","June 27, 2014",Indoor Swim,488,0,3000,0,0,0,0,0,0,,,http://www.mapmyrun.com/workout/624266337
"June 26, 2014","June 26, 2014",Run / Jog,680,6.0,3600,10.0,0,6.0,0,,0,,,http://www.mapmyrun.com/workout/623509465
"June 26, 2014","June 26, 2014",Indoor Swim,544,0,3600,0,0,0,0,,0,,,http://www.mapmyrun.com/workout/623508817
"June 26, 2014","June 26, 2014",Run / Jog,340,3.0,1800,10.0,0,6.0,0,,0,,,http://www.mapmyrun.com/workout/623045861
"June 26, 2014","June 26, 2014",Indoor Swim,272,0,1800,0,0,0,0,,0,,,http://www.mapmyrun.com/workout/623044837
"June 25, 2014","June 25, 2014",Run / Jog,372,3.0,1380,7.67,5.4617,7.83,10.9856,,0,,Garmin Forerunner 110,http://www.mapmyrun.com/workout/622092019
"June 25, 2014","June 25, 2014",Run / Jog,255,2.13261,659,5.14727,4.23333,11.6567,14.1732,,,,Garmin Forerunner 110,http://www.mapmyrun.com/workout/622091993
"June 25, 2014","June 25, 2014",Run / Jog,260,2.15524,669,5.17008,4.02316,11.6052,14.9137,,,,Garmin Forerunner 110,http://www.mapmyrun.com/workout/622091963
"June 25, 2014","June 25, 2014",Run / Jog,261,2.14893,678,5.26239,4.27449,11.4017,14.0368,,,,Garmin Forerunner 110,http://www.mapmyrun.com/workout/622091931
"June 25, 2014","June 25, 2014",Run / Jog,301,2.45411,1354,9.19835,6.76309,6.52291,8.87169,,,,Garmin Forerunner 110,http://www.mapmyrun.com/workout/622091915
"June 25, 2014","June 25, 2014",Run / Jog,622,5.01,2264,7.53,5.56712,7.97,10.7776,,0,,Garmin Forerunner 110,http://www.mapmyrun.com/workout/621274547
"June 24, 2014","June 24, 2014",Run / Jog,1102,8.99998,4876,9.03111,5.65993,6.6437,10.6008,,,,Garmin Forerunner 110,http://www.mapmyrun.com/workout/620693865
"June 24, 2014","June 24, 2014",Run / Jog,227,2.0,1200,10.0,0,6.0,0,,0,,,http://www.mapmyrun.com/workout/620365993
"June 24, 2014","June 24, 2014",Indoor Swim,181,0,1200,0,0,0,0,,0,,,http://www.mapmyrun.com/workout/620365345
"June 24, 2014","June 24, 2014",Run / Jog,625,4.99702,2287,7.62867,3.70424,7.86507,16.1977,,,,Garmin Forerunner 110,http://www.mapmyrun.com/workout/619798135
"June 23, 2014","June 23, 2014",Run / Jog,685,5.5612,3413,10.2297,6.30818,5.86525,9.51145,,,,Garmin Forerunner 110,http://www.mapmyrun.com/workout/619357883
"June 23, 2014","June 23, 2014",Run / Jog,610,5.01,1899,6.32,4.59366,9.5,13.0615,,0,,Garmin Forerunner 110,http://www.mapmyrun.com/workout/618401285
"June 22, 2014","June 22, 2014",Run / Jog,1955,15.888,8232,8.63567,3.41992,6.94792,17.5443,,,,Garmin Forerunner 110,http://www.mapmyrun.com/workout/617633051
"June 21, 2014","June 21, 2014",Run / Jog,1203,9.61808,4848,8.40038,5.24797,7.14254,11.433,,,,Garmin Forerunner 110,http://www.mapmyrun.com/workout/616709447
"June 21, 2014","June 21, 2014",Run / Jog,951,7.68298,3892,8.44268,5.61256,7.10675,10.6903,,,,Garmin Forerunner 110,http://www.mapmyrun.com/workout/615940237
"June 20, 2014","June 20, 2014",Run / Jog,1226,9.87043,4587,7.74542,5.19009,7.74651,11.5605,,,,Garmin Forerunner 110,http://www.mapmyrun.com/workout/615431513
"June 20, 2014","June 20, 2014",Run / Jog,618,4.93679,2576,8.69728,4.71976,6.89871,12.7125,,,,Garmin Forerunner 110,http://www.mapmyrun.com/workout/614851067
"June 20, 2014","June 19, 2014",Run / Jog,881,7.03874,2775,6.57251,2.0762,9.12894,28.899,,,,Garmin Forerunner 110,http://www.mapmyrun.com/workout/614851103
"June 19, 2014","June 19, 2014",Run / Jog,615,5.0102,2730,9.08003,6.60325,6.60791,9.08644,,,,Garmin Forerunner 110,http://www.mapmyrun.com/workout/613697431
"June 19, 2014","June 18, 2014",Run / Jog,1475,11.9921,6783,9.42791,3.90087,6.36408,15.3812,,,,Garmin Forerunner 110,http://www.mapmyrun.com/workout/613697511
"June 18, 2014","June 18, 2014",Run / Jog,621,4.99881,2826,9.42129,6.55484,6.36856,9.15354,,,,Garmin Forerunner 110,http://www.mapmyrun.com/workout/612352339
"June 17, 2014","June 17, 2014",Run / Jog,160,1.56218,679,7.23951,5.80949,8.28785,10.3279,152,,,Garmin Forerunner 110,http://www.mapmyrun.com/workout/611793541
"June 17, 2014","June 17, 2014",Run / Jog,497,3.99999,1355,5.65,4.38275,10.63,13.6901,,0,,Garmin Forerunner 110,http://www.mapmyrun.com/workout/611793391
"June 17, 2014","June 17, 2014",Run / Jog,337,2.71673,1467,9.00383,6.15334,6.66383,9.7508,,,,Garmin Forerunner 110,http://www.mapmyrun.com/workout/611793279
"June 17, 2014","June 17, 2014",Run / Jog,503,4.96267,2408,8.08878,6.07254,7.41768,9.88055,148,,,Garmin Forerunner 110,http://www.mapmyrun.com/workout/610922649
"June 16, 2014","June 16, 2014",Run / Jog,746,7.02294,3247,7.70759,4.86972,7.78454,12.321,154,,,Garmin Forerunner 110,http://www.mapmyrun.com/workout/610262359
"June 16, 2014","June 16, 2014",Run / Jog,508,4.98856,2270,7.58552,5.62905,7.90981,10.659,152,,,Garmin Forerunner 110,http://www.mapmyrun.com/workout/609457541
"June 15, 2014","June 15, 2014",Run / Jog,1635,15.9988,7167,7.46726,5.51107,8.03508,10.8872,160,,,Garmin Forerunner 110,http://www.mapmyrun.com/workout/608483375
"June 14, 2014","June 14, 2014",Run / Jog,613,5.0,2220,7.4,0,8.10811,0,0,0,,,http://www.mapmyrun.com/workout/607979505
"June 14, 2014","June 14, 2014",Run / Jog,353,3.1,965,5.18817,0,11.5648,0,0,0,,,http://www.mapmyrun.com/workout/607976587
"June 14, 2014","June 14, 2014",Run / Jog,436,3.79532,2143,9.40807,5.97381,6.37751,10.0438,138,,,Garmin Forerunner 110,http://www.mapmyrun.com/workout/607341675
"June 13, 2014","June 13, 2014",Run / Jog,693,7.04792,3286,7.7701,4.61898,7.7219,12.9899,146,,,Garmin Forerunner 110,http://www.mapmyrun.com/workout/606689461
"June 13, 2014","June 13, 2014",Run / Jog,431,3.97761,2030,8.50425,6.06704,7.0553,9.88949,139,,,Garmin Forerunner 110,http://www.mapmyrun.com/workout/606257815
"June 12, 2014","June 12, 2014",Run / Jog,752,7.0637,3172,7.48393,4.90893,8.01718,12.2226,152,,,Garmin Forerunner 110,http://www.mapmyrun.com/workout/605919257
"June 12, 2014","June 12, 2014",Run / Jog,480,3.98,2190,9.17085,0,6.54247,0,0,0,,,http://www.mapmyrun.com/workout/605192177
"June 11, 2014","June 11, 2014",Run / Jog,1066,8.7,4080,7.81609,0,7.67647,0,0,0,,,http://www.mapmyrun.com/workout/604609397
"June 11, 2014","June 11, 2014",Run / Jog,413,3.77247,1858,8.20759,3.96898,7.31031,15.1172,143,,,Garmin Forerunner 110,http://www.mapmyrun.com/workout/603961749
"June 10, 2014","June 10, 2014",Run / Jog,721,7.18063,3264,7.57695,4.24607,7.91875,14.1307,149,,,Garmin Forerunner 110,http://www.mapmyrun.com/workout/603188431
"June 10, 2014","June 10, 2014",Run / Jog,391,3.87426,1580,6.79736,4.85649,8.82695,12.3546,155,,,Garmin Forerunner 110,http://www.mapmyrun.com/workout/602512477
"June 9, 2014","June 9, 2014",Run / Jog,936,9.44625,12298,21.701,3.19086,2.76485,18.8037,130,,,Garmin Forerunner 110,http://www.mapmyrun.com/workout/602099035
"June 9, 2014","June 9, 2014",Run / Jog,483,3.97863,2298,9.62642,0,6.23285,0,0,0,,,http://www.mapmyrun.com/workout/601280961
"June 9, 2014","June 8, 2014",Run / Jog,893,7.91,3443,7.25,0,8.27,0,,0,,,http://www.mapmyrun.com/workout/600774361
"June 9, 2014","June 7, 2014",Run / Jog,1246,9.93,4235,7.11,3.87943,8.44,15.4662,,0,,Garmin Forerunner 110,http://www.mapmyrun.com/workout/602099055
"June 6, 2014","June 6, 2014",Run / Jog,1371,13.8855,6372,7.64825,5.12465,7.84494,11.7081,153,,,Garmin Forerunner 110,http://www.mapmyrun.com/workout/597920991
"June 5, 2014","June 5, 2014",Run / Jog,900,8.06,3099,6.41,3.99857,9.36,15.0054,165,0,,Garmin Forerunner 110,http://www.mapmyrun.com/workout/596974983
"June 5, 2014","June 5, 2014",Run / Jog,463,3.77902,1718,7.57481,5.81075,7.92099,10.3257,,,,Garmin Forerunner 110,http://www.mapmyrun.com/workout/596438365
"June 4, 2014","June 4, 2014",Run / Jog,698,7.00805,3398,8.08147,4.86177,7.42439,12.3412,146,,,Garmin Forerunner 110,http://www.mapmyrun.com/workout/595704483
"June 4, 2014","June 4, 2014",Run / Jog,419,3.9408,2082,8.80578,6.16182,6.81371,9.73738,137,,,Garmin Forerunner 110,http://www.mapmyrun.com/workout/595024973
"June 3, 2014","June 3, 2014",Run / Jog,311,3.33025,1461,7.31055,5.05415,8.20732,11.8714,149,,,Garmin Forerunner 110,http://www.mapmyrun.com/workout/594354427
"June 3, 2014","June 3, 2014",Run / Jog,562,5.55276,2182,6.54844,3.42778,9.16249,17.504,165,,,Garmin Forerunner 110,http://www.mapmyrun.com/workout/594354395
"June 3, 2014","June 3, 2014",Run / Jog,415,3.99672,1838,7.66354,4.83548,7.82928,12.4083,151,,,Garmin Forerunner 110,http://www.mapmyrun.com/workout/593596929
"June 2, 2014","June 2, 2014",Run / Jog,719,7.08369,3007,7.07342,4.37702,8.48246,13.7079,163,,,Garmin Forerunner 110,http://www.mapmyrun.com/workout/592807951
"June 2, 2014","June 2, 2014",Run / Jog,390,3.85036,1942,8.40564,6.13925,7.13806,9.77317,141,,,Garmin Forerunner 110,http://www.mapmyrun.com/workout/592050761
"June 1, 2014","June 1, 2014",Run / Jog,0,3.0,0,0,0,0,0,0,0,,,http://www.mapmyrun.com/workout/591592865
"June 1, 2014","June 1, 2014",Indoor Swim,292,0,1800,0,0,0,0,0,0,,,http://www.mapmyrun.com/workout/591592111
"June 1, 2014","June 1, 2014",Run / Jog,1855,14.9982,6804,7.562,5.20621,7.93441,11.5247,,,,Garmin Forerunner 110,http://www.mapmyrun.com/workout/591362331
"May 31, 2014","May 31, 2014",Run / Jog,1320,10.7,4857,7.56542,0,7.93082,0,0,0,,,http://www.mapmyrun.com/workout/590165119
"May 30, 2014","May 30, 2014",Run / Jog,1461,12.5,5949,7.93,0,7.56,0,,0,,,http://www.mapmyrun.com/workout/589165611
"May 29, 2014","May 29, 2014",Run / Jog,1081,10.4977,5205,8.26322,4.61818,7.2611,12.9921,154,,,Garmin Forerunner 110,http://www.mapmyrun.com/workout/587938623
"May 28, 2014","May 28, 2014",Run / Jog,1106,10.5459,5392,8.52046,5.26342,7.04188,11.3994,151,,,Garmin Forerunner 110,http://www.mapmyrun.com/workout/586464287
"May 27, 2014","May 27, 2014",Run / Jog,612,6.4016,3403,8.86105,6.08356,6.77121,9.86265,136,,,Garmin Forerunner 110,http://www.mapmyrun.com/workout/585494687
"May 27, 2014","May 27, 2014",Run / Jog,382,3.85522,2027,8.76263,6.29191,6.84726,9.53606,137,,,Garmin Forerunner 110,http://www.mapmyrun.com/workout/584626245
"May 26, 2014","May 26, 2014",Run / Jog,377,3.77881,1922,8.47737,6.15475,7.07767,9.74857,142,,,Garmin Forerunner 110,http://www.mapmyrun.com/workout/584243225
"May 26, 2014","May 26, 2014",Run / Jog,847,7.76953,4222,9.05856,5.40665,6.62357,11.0974,145,,,Garmin Forerunner 110,http://www.mapmyrun.com/workout/583840895
"May 25, 2014","May 25, 2014",Run / Jog,945,8.0,3600,7.5,0,8.0,0,,0,,,http://www.mapmyrun.com/workout/583131563
"May 25, 2014","May 25, 2014",Run / Jog,549,5.0,1569,5.23,0,11.4723,0,,0,,,http://www.mapmyrun.com/workout/583130415
"May 24, 2014","May 24, 2014",Run / Jog,1034,9.91889,5480,9.20783,5.60201,6.5162,10.7105,139,,,Garmin Forerunner 110,http://www.mapmyrun.com/workout/581828153
"May 24, 2014","May 24, 2014",Run / Jog,537,4.33158,2480,9.54194,5.22752,6.28803,11.4777,,,,Garmin Forerunner 110,http://www.mapmyrun.com/workout/581828131
"May 23, 2014","May 23, 2014",Run / Jog,175,1.5,720,8.0,0,7.5,0,,0,,,http://www.mapmyrun.com/workout/580747085
"May 23, 2014","May 23, 2014",Run / Jog,911,8.64,4269,8.23,5.06944,7.29,11.8356,149,0,,Garmin Forerunner 110,http://www.mapmyrun.com/workout/580744467
"May 22, 2014","May 22, 2014",Run / Jog,697,7.12435,3228,7.55135,4.62057,7.9456,12.9854,150,,,Garmin Forerunner 110,http://www.mapmyrun.com/workout/579647193
"May 21, 2014","May 21, 2014",Run / Jog,993,10.048,4582,7.60057,4.53158,7.89415,13.2404,153,,,Garmin Forerunner 110,http://www.mapmyrun.com/workout/578496767
"May 20, 2014","May 20, 2014",Run / Jog,338,3.98523,1893,7.91922,5.76082,7.5765,10.4152,155,,,Garmin Forerunner 110,http://www.mapmyrun.com/workout/577075301
"May 20, 2014","May 20, 2014",Run / Jog,709,6.9985,2921,6.95602,4.56318,8.62563,13.1487,163,,,Garmin Forerunner 110,http://www.mapmyrun.com/workout/577075267
"May 19, 2014","May 19, 2014",Run / Jog,618,5.25,2400,7.62,0,7.88,0,,0,,,http://www.mapmyrun.com/workout/575524079
"May 19, 2014","May 19, 2014",Run / Jog,778,7.04137,3444,8.15271,4.76504,7.35952,12.5917,149,,,Garmin Forerunner 110,http://www.mapmyrun.com/workout/575032699
"May 18, 2014","May 18, 2014",Run / Jog,1339,15.0265,7044,7.81311,4.7123,7.6794,12.7326,148,,,Garmin Forerunner 110,http://www.mapmyrun.com/workout/573672763
"May 17, 2014","May 17, 2014",Run / Jog,878,10.0032,4691,7.81538,5.31768,7.67717,11.2831,146,,,Garmin Forerunner 110,http://www.mapmyrun.com/workout/572693801
"May 16, 2014","May 16, 2014",Run / Jog,457,4.0,1680,7.0,0,8.57,0,,0,,,http://www.mapmyrun.com/workout/572106881
"May 16, 2014","May 16, 2014",Run / Jog,343,3.0,1263,7.02,5.65873,8.55,10.6031,147,0,,Garmin Forerunner 110,http://www.mapmyrun.com/workout/571845893
"May 16, 2014","May 16, 2014",Run / Jog,618,5.36,2373,7.38,3.09513,8.13,19.3853,164,0,,Garmin Forerunner 110,http://www.mapmyrun.com/workout/571845875
"May 16, 2014","May 15, 2014",Run / Jog,807,7.0,3000,7.14,0,8.4,0,,0,,,http://www.mapmyrun.com/workout/571869707
"May 15, 2014","May 15, 2014",Run / Jog,382,4.01111,1711,7.11092,5.38927,8.43772,11.1332,151,,,Garmin Forerunner 110,http://www.mapmyrun.com/workout/570622257
"May 14, 2014","May 14, 2014",Run / Jog,1244,12.3684,6235,8.40038,5.26756,7.14254,11.3905,150,,,Garmin Forerunner 110,http://www.mapmyrun.com/workout/569767193
"May 13, 2014","May 13, 2014",Run / Jog,352,3.0,1329,7.38,0,8.13,0,,0,,,http://www.mapmyrun.com/workout/568903061
"May 13, 2014","May 13, 2014",Run / Jog,913,8.0,3360,7.0,0,8.57143,0,,0,,,http://www.mapmyrun.com/workout/568422677
"May 12, 2014","May 12, 2014",Run / Jog,685,6.0,2520,7.0,0,8.57,0,,0,,,http://www.mapmyrun.com/workout/567425927
"May 11, 2014","May 11, 2014",Run / Jog,1268,12.1744,6014,8.23278,5.62079,7.28794,10.6747,151,,,Garmin Forerunner 110,http://www.mapmyrun.com/workout/566119417
"May 10, 2014","May 10, 2014",Run / Jog,236,2.0,900,7.5,0,8.0,0,,0,,,http://www.mapmyrun.com/workout/565524037
"May 10, 2014","May 10, 2014",Run / Jog,357,3.106,1019,5.47,0,10.97,0,,0,,,http://www.mapmyrun.com/workout/565521831
"May 10, 2014","May 10, 2014",Run / Jog,1002,9.90109,4515,7.60057,4.45333,7.89415,13.4731,153,,,Garmin Forerunner 110,http://www.mapmyrun.com/workout/565433717
"May 9, 2014","May 9, 2014",Run / Jog,356,3.0,1380,7.67,0,7.83,0,,0,,,http://www.mapmyrun.com/workout/564255557
"May 9, 2014","May 9, 2014",Run / Jog,734,7.18245,3590,8.32994,5.41648,7.20293,11.0773,146,,,Garmin Forerunner 110,http://www.mapmyrun.com/workout/563983147
"May 8, 2014","May 8, 2014",Run / Jog,1030,8.13,3544,7.26527,0,8.25846,0,0,0,,,http://www.mapmyrun.com/workout/563207447
"May 8, 2014","May 8, 2014",Run / Jog,408,3.99757,1949,8.12554,5.83476,7.38413,10.2832,146,,,Garmin Forerunner 110,http://www.mapmyrun.com/workout/562823709
"May 7, 2014","May 7, 2014",Run / Jog,177,1.5,660,7.33,0,8.18,0,,0,,,http://www.mapmyrun.com/workout/562193443
"May 7, 2014","May 6, 2014",Run / Jog,982,8.40869,3296,6.53292407418,0,9.18424878641,0,,,,,http://www.mapmyrun.com/workout/562189073
"May 7, 2014","May 6, 2014",Run / Jog,700,5.9,2731,7.71,0,7.78,0,,0,,,http://www.mapmyrun.com/workout/561856079
"May 8, 2014","May 5, 2014",Run / Jog,702,6.99738,3098,7.37893,4.17404,8.13126,14.3746,150,,,Garmin Forerunner 110,http://www.mapmyrun.com/workout/562823729
"May 4, 2014","May 4, 2014",Run / Jog,1420,14.9413,7369,8.22017,1.62304,7.29912,36.9676,142,,,Garmin Forerunner 110,http://www.mapmyrun.com/workout/557919011
"May 3, 2014","May 3, 2014",Run / Jog,417,4.13219,1630,6.57412,3.57299,9.1267,16.7927,162,,,Garmin Forerunner 110,http://www.mapmyrun.com/workout/557324789
"May 3, 2014","May 3, 2014",Run / Jog,1031,10.0139,4807,7.99952,4.58581,7.50045,13.0838,146,,,Garmin Forerunner 110,http://www.mapmyrun.com/workout/556963669
"May 2, 2014","May 2, 2014",Run / Jog,1254,12.1902,5099,6.97229,4.44227,8.60549,13.5066,159,,,Garmin Forerunner 110,http://www.mapmyrun.com/workout/556191947
"May 1, 2014","May 1, 2014",Run / Jog,735,7.06756,3248,7.65917,4.62216,7.83375,12.9809,148,,,Garmin Forerunner 110,http://www.mapmyrun.com/workout/555023032
"April 30, 2014","April 30, 2014",Run / Jog,906,8.95705,4208,7.83136,1.8909,7.66151,31.7309,144,,,Garmin Forerunner 110,http://www.mapmyrun.com/workout/553963054
"April 29, 2014","April 29, 2014",Run / Jog,807,7.0,2940,7.0,0,8.57143,0,,0,,,http://www.mapmyrun.com/workout/552663146
"April 28, 2014","April 28, 2014",Run / Jog,978,9.89636,4240,7.14121,4.48835,8.40193,13.3679,152,,,Garmin Forerunner 110,http://www.mapmyrun.com/workout/551707270
"April 27, 2014","April 27, 2014",Run / Jog,1214,12.712,5771,7.56626,1.83138,7.92994,32.7622,148,,,Garmin Forerunner 110,http://www.mapmyrun.com/workout/550884202
"April 27, 2014","April 26, 2014",Run / Jog,1279,12.747,5828,7.62,1.22898,7.87402,48.8211,151,,,Garmin Forerunner 110,http://www.mapmyrun.com/workout/550512532
"April 25, 2014","April 25, 2014",Run / Jog,1054,10.0461,4885,8.10589,5.08289,7.40202,11.8043,145,,,Garmin Forerunner 110,http://www.mapmyrun.com/workout/548616208
"April 24, 2014","April 24, 2014",Run / Jog,798,7.0,2580,6.14,0,9.77,0,,0,,,http://www.mapmyrun.com/workout/547699848
"April 23, 2014","April 23, 2014",Run / Jog,1026,10.3193,4190,6.76821,4.77012,8.86498,12.5783,161,,,Garmin Forerunner 110,http://www.mapmyrun.com/workout/546449702
"April 22, 2014","April 22, 2014",Run / Jog,148,7.0,3000,7.14,0,8.4,0,,0,,,http://www.mapmyrun.com/workout/544995050
"April 21, 2014","April 21, 2014",Run / Jog,1152,10.0,4200,7.0,0,8.57,0,,0,,,http://www.mapmyrun.com/workout/543613810
"April 20, 2014","April 20, 2014",Run / Jog,530,4.5,1800,6.67,0,9.0,0,,0,,,http://www.mapmyrun.com/workout/542585006
"April 20, 2014","April 20, 2014",Run / Jog,393,3.14,1058,5.61571,0,10.6843,0,0,0,,,http://www.mapmyrun.com/workout/542558088
"April 19, 2014","April 19, 2014",Run / Jog,686,5.5,2100,6.36364,0,9.42857,0,0,0,,,http://www.mapmyrun.com/workout/541853516
"April 17, 2014","April 17, 2014",Run / Jog,1012,8.0,3156,6.575,0,9.12547,0,0,0,,,http://www.mapmyrun.com/workout/539286190
"April 22, 2014","April 16, 2014",Run / Jog,865,7.5,3120,6.93,0,8.65,0,,0,,,http://www.mapmyrun.com/workout/544994038
"April 15, 2014","April 15, 2014",Run / Jog,433,3.47,1439,6.91162,0,8.68103,0,0,0,,,http://www.mapmyrun.com/workout/537963564
"April 14, 2014","April 14, 2014",Run / Jog,661,6.34212,2706,7.11092,4.80947,8.43772,12.4754,159,,,Garmin Forerunner 110,http://www.mapmyrun.com/workout/536992736
"April 14, 2014","April 13, 2014",Run / Jog,687,6.29191,2627,6.95782,4.26429,8.62339,14.0703,166,,,Garmin Forerunner 110,http://www.mapmyrun.com/workout/536876942
"April 12, 2014","April 12, 2014",Run / Jog,803,7.9675,3032,6.34249,4.44595,9.46,13.4954,170,,,Garmin Forerunner 110,http://www.mapmyrun.com/workout/534980302
"April 11, 2014","April 11, 2014",Run / Jog,823,7.0,2792,6.65,0,9.03,0,,0,,,http://www.mapmyrun.com/workout/533767070
"April 10, 2014","April 10, 2014",Run / Jog,437,3.5,1341,6.38571,0,9.39597,0,0,0,,,http://www.mapmyrun.com/workout/532254216
"April 11, 2014","April 9, 2014",Run / Jog,760,6.91,3002,7.24,0.523732,8.29,114.562,164,0,,Garmin Forerunner 110,http://www.mapmyrun.com/workout/533488374
"April 12, 2014","April 3, 2014",Run / Jog,807,7.0,2940,7.0,0,8.57,0,,0,,,http://www.mapmyrun.com/workout/534988530
"April 2, 2014","April 2, 2014",Run / Jog,876,8.0,3339,6.95625,0,8.62534,0,170,0,,Garmin Forerunner 110,http://www.mapmyrun.com/workout/524018128
"April 1, 2014","April 1, 2014",Run / Jog,1000,8.0,3395,7.07292,0,8.48306,0,0,0,,,http://www.mapmyrun.com/workout/522766010
"March 31, 2014","March 31, 2014",Run / Jog,646,5.5,2400,7.27,0,8.25,0,,0,,,http://www.mapmyrun.com/workout/521969610
"March 30, 2014","March 30, 2014",Run / Jog,1112,10.0,4230,7.05,0,8.51,0,162,0,,Garmin Forerunner 110,http://www.mapmyrun.com/workout/520936244
"March 29, 2014","March 29, 2014",Run / Jog,678,7.13784,3262,7.61784,4.57486,7.87625,13.1152,155,,,Garmin Forerunner 110,http://www.mapmyrun.com/workout/520271540
"March 29, 2014","March 28, 2014",Run / Jog,722,7.0,2844,6.77,0,8.86,0,166,0,,Garmin Forerunner 110,http://www.mapmyrun.com/workout/520271556
"March 27, 2014","March 27, 2014",Run / Jog,646,5.74476,2682,7.78137,3.53159,7.71072,16.9895,161,,,Garmin Forerunner 110,http://www.mapmyrun.com/workout/518614565
"March 26, 2014","March 26, 2014",Run / Jog,871,7.0,2945,7.0119,0,8.55688,0,0,0,,,http://www.mapmyrun.com/workout/517634461
"March 25, 2014","March 25, 2014",Run / Jog,756,6.0,2442,6.78333,0,8.84521,0,0,0,,,http://www.mapmyrun.com/workout/516552065
"March 24, 2014","March 24, 2014",Run / Jog,620,6.0,2490,6.92,0,8.67,0,161,0,,Garmin Forerunner 110,http://www.mapmyrun.com/workout/515929685
"March 23, 2014","March 23, 2014",Run / Jog,497,4.0,1680,7.0,0,8.57143,0,0,0,,,http://www.mapmyrun.com/workout/515146757
"March 22, 2014","March 22, 2014",Run / Jog,1053,8.2,3669,7.45732,0,8.04579,0,0,0,,,http://www.mapmyrun.com/workout/513746813
"March 21, 2014","March 21, 2014",Run / Jog,373,3.0,1140,6.33333,0,9.47368,0,0,0,,,http://www.mapmyrun.com/workout/513222007
"March 20, 2014","March 20, 2014",Run / Jog,630,5.0,2160,7.2,0,8.33333,0,0,0,,,http://www.mapmyrun.com/workout/512417983
"March 19, 2014","March 18, 2014",Run / Jog,703,5.6,2400,7.14286,0,8.4,0,0,0,,,http://www.mapmyrun.com/workout/510791735
"March 16, 2014","March 16, 2014",Run / Jog,889,7.13,2960,6.91912,0,8.67162,0,0,0,,,http://www.mapmyrun.com/workout/508546201
"March 15, 2014","March 15, 2014",Run / Jog,629,5.0,1951,6.50333,0,9.22604,0,0,0,,,http://www.mapmyrun.com/workout/507844281
"March 12, 2014","March 12, 2014",Run / Jog,632,5.0,2024,6.74667,0,8.89328,0,0,0,,,http://www.mapmyrun.com/workout/505240147
"March 11, 2014","March 11, 2014",Run / Jog,634,5.0,1990,6.63333,0,9.04523,0,0,0,,,http://www.mapmyrun.com/workout/504257005
"March 10, 2014","March 10, 2014",Run / Jog,621,5.0,2093,6.97667,0,8.6001,0,0,0,,,http://www.mapmyrun.com/workout/503354131
"March 8, 2014","March 8, 2014",Run / Jog,385,3.0,1341,7.45,0,8.05369,0,0,0,,,http://www.mapmyrun.com/workout/500882695
"March 7, 2014","March 7, 2014",Run / Jog,500,4.0,1654,6.89167,0,8.70617,0,0,0,,,http://www.mapmyrun.com/workout/500508917
"March 6, 2014","March 6, 2014",Run / Jog,616,5.0,1843,6.14333,0,9.76668,0,0,0,,,http://www.mapmyrun.com/workout/499317809
"March 5, 2014","March 5, 2014",Run / Jog,869,7.0,2930,6.97619,0,8.60068,0,0,0,,,http://www.mapmyrun.com/workout/498782647
"March 4, 2014","March 4, 2014",Run / Jog,628,5.0,2045,6.81667,0,8.80196,0,0,0,,,http://www.mapmyrun.com/workout/497789319
"March 3, 2014","March 3, 2014",Run / Jog,374,3.0,1268,7.04444,0,8.51735,0,0,0,,,http://www.mapmyrun.com/workout/497219757
"March 2, 2014","March 2, 2014",Run / Jog,1143,9.0,3945,7.30556,0,8.21293,0,0,0,,,http://www.mapmyrun.com/workout/496493783
"March 1, 2014","March 1, 2014",Run / Jog,763,6.0,2633,7.31389,0,8.20357,0,0,0,,,http://www.mapmyrun.com/workout/495582397
"March 1, 2014","Feb. 28, 2014",Run / Jog,244,2.0,716,5.97,0,10.06,0,0,0,,,http://www.mapmyrun.com/workout/495314375
"Feb. 27, 2014","Feb. 27, 2014",Run / Jog,625,5.0,2067,6.89,0,8.70827,0,0,0,,,http://www.mapmyrun.com/workout/494158733
"Feb. 26, 2014","Feb. 26, 2014",Run / Jog,752,6.0,2466,6.85,0,8.75912,0,0,0,,,http://www.mapmyrun.com/workout/493614767
"Feb. 25, 2014","Feb. 25, 2014",Run / Jog,622,5.0,2101,7.00333,0,8.56735,0,0,0,,,http://www.mapmyrun.com/workout/492572313
"Feb. 24, 2014","Feb. 24, 2014",Run / Jog,246,2.0,735,6.125,0,9.79592,0,0,0,,,http://www.mapmyrun.com/workout/491926519
"Feb. 23, 2014","Feb. 23, 2014",Run / Jog,925,8.0,3384,7.05,0,8.51,0,,0,,,http://www.mapmyrun.com/workout/491064071
"Feb. 22, 2014","Feb. 22, 2014",Run / Jog,597,4.8,2001,6.94792,0,8.63568,0,0,0,,,http://www.mapmyrun.com/workout/490213567
"Feb. 21, 2014","Feb. 21, 2014",Run / Jog,746,6.0,2520,7.0,0,8.57143,0,0,0,,,http://www.mapmyrun.com/workout/489471785
"Feb. 20, 2014","Feb. 20, 2014",Run / Jog,234,2.0,808,6.73,0,8.91,0,,0,,,http://www.mapmyrun.com/workout/488531271
"Feb. 19, 2014","Feb. 19, 2014",Run / Jog,465,4.0,1548,6.45,0,9.3,0,,0,,,http://www.mapmyrun.com/workout/488006403
"Feb. 18, 2014","Feb. 18, 2014",Run / Jog,527,4.0,1680,7.0,0,8.57143,0,0,0,,,http://www.mapmyrun.com/workout/487448539
"Feb. 17, 2014","Feb. 17, 2014",Run / Jog,256,2.2,940,7.12,0,8.43,0,,0,,,http://www.mapmyrun.com/workout/486294081
"Feb. 17, 2014","Feb. 16, 2014",Run / Jog,928,8.0,3405,7.09,0,8.46,0,,0,,,http://www.mapmyrun.com/workout/486293481
"Feb. 15, 2014","Feb. 15, 2014",Run / Jog,576,5.0,2100,7.0,0,8.57,0,,0,,,http://www.mapmyrun.com/workout/484869893
"Feb. 15, 2014","Feb. 14, 2014",Run / Jog,576,5.0,2100,7.0,0,8.57,0,,0,,,http://www.mapmyrun.com/workout/484869573
"Feb. 12, 2014","Feb. 12, 2014",Run / Jog,465,4.0,1710,7.13,0,8.42,0,,0,,,http://www.mapmyrun.com/workout/482647109
"Feb. 12, 2014","Feb. 11, 2014",Run / Jog,346,3.0,1251,6.95,0,8.63,0,,0,,,http://www.mapmyrun.com/workout/482648939
"Feb. 10, 2014","Feb. 10, 2014",Run / Jog,270,2.3,926,6.71,0,8.94,0,,0,,,http://www.mapmyrun.com/workout/481367269
"Jan. 19, 2014","Jan. 19, 2014",Run / Jog,536,4.0,1775,7.39583,0,8.11268,0,0,0,,,http://www.mapmyrun.com/workout/466403677
"Dec. 3, 2013","Dec. 3, 2013",Run / Jog,685,6.0,2520,7.0,0,8.57,0,,0,,,http://www.mapmyrun.com/workout/441193615
"Dec. 2, 2013","Dec. 2, 2013",Run / Jog,813,7.0,3047,7.25476,0,8.27043,0,0,0,,,http://www.mapmyrun.com/workout/440848347
"Dec. 1, 2013","Dec. 1, 2013",Run / Jog,664,5.8,2452,7.04598,0,8.5155,0,0,0,,,http://www.mapmyrun.com/workout/440179523
"Nov. 30, 2013","Nov. 30, 2013",Run / Jog,1038,9.0,3867,7.16111,0,8.37859,0,0,0,,,http://www.mapmyrun.com/workout/439469435
"Nov. 29, 2013","Nov. 29, 2013",Run / Jog,838,7.25,3130,7.1954,0,8.33866,0,0,0,,,http://www.mapmyrun.com/workout/438920043
"Nov. 28, 2013","Nov. 28, 2013",Run / Jog,175,1.5,600,6.66667,0,9.0,0,0,0,,,http://www.mapmyrun.com/workout/438608863
"Nov. 28, 2013","Nov. 28, 2013",Run / Jog,361,3.14,1034,5.48832,0,10.9323,0,0,0,,,http://www.mapmyrun.com/workout/438608357
"Nov. 22, 2013","Nov. 22, 2013",Run / Jog,630,5.0,1800,6.0,0,10.0,0,0,0,,,http://www.mapmyrun.com/workout/435259023
"Nov. 22, 2013","Nov. 21, 2013",Run / Jog,630,5.0,1800,6.0,0,10.0,0,0,0,,,http://www.mapmyrun.com/workout/435258801
"Nov. 22, 2013","Nov. 20, 2013",Run / Jog,560,5.0,1800,6.0,0,10.0,0,,0,,,http://www.mapmyrun.com/workout/435340735
"Nov. 19, 2013","Nov. 19, 2013",Run / Jog,815,7.0,2809,6.6881,0,8.97116,0,0,0,,,http://www.mapmyrun.com/workout/433895741
"Nov. 17, 2013","Nov. 17, 2013",Run / Jog,1875,14.9985,6913,7.6811,2.88444,7.81138,20.8013,,,,Garmin Forerunner 110,http://www.mapmyrun.com/workout/432471463
"Nov. 16, 2013","Nov. 16, 2013",Run / Jog,1232,9.99998,4009,6.68221,4.16885,8.97906,14.3924,,,,Garmin Forerunner 110,http://www.mapmyrun.com/workout/431876239
"Nov. 14, 2013","Nov. 14, 2013",Run / Jog,376,3.25,1408,7.22051,0,8.30966,0,0,0,,,http://www.mapmyrun.com/workout/430707801
"Nov. 12, 2013","Nov. 12, 2013",Run / Jog,810,6.45246,3179,8.21262,5.47284,7.30583,10.9632,,,,Garmin Forerunner 110,http://www.mapmyrun.com/workout/428986553
"Nov. 11, 2013","Nov. 11, 2013",Run / Jog,1356,11.0006,4356,6.6,4.78886,9.09091,12.5291,,,,Garmin Forerunner 110,http://www.mapmyrun.com/workout/428523293
"Nov. 10, 2013","Nov. 10, 2013",Run / Jog,1723,15.0,6143,6.83,0,8.79,0,,0,,,http://www.mapmyrun.com/workout/427969111
"Nov. 9, 2013","Nov. 9, 2013",Run / Jog,569,5.11,1820,5.93607,0,10.1077,0,,0,,,http://www.mapmyrun.com/workout/427468001
"Nov. 9, 2013","Nov. 8, 2013",Run / Jog,1251,11.0,4620,7.0,0,8.57,0,,0,,,http://www.mapmyrun.com/workout/427468991
"Nov. 7, 2013","Nov. 7, 2013",Run / Jog,1061,9.25,3960,7.13514,0,8.40909,0,0,0,,,http://www.mapmyrun.com/workout/426251079
"Nov. 6, 2013","Nov. 6, 2013",Run / Jog,1250,11.0,4615,6.99,0,8.58,0,,0,,,http://www.mapmyrun.com/workout/425532811
"Nov. 5, 2013","Nov. 5, 2013",Run / Jog,1058,9.15,3615,6.5847,0,9.11203,0,0,0,,,http://www.mapmyrun.com/workout/424417257
"Nov. 4, 2013","Nov. 4, 2013",Run / Jog,1137,10.0,4200,7.0,0,8.57143,0,0,0,,,http://www.mapmyrun.com/workout/423689255
"Nov. 3, 2013","Nov. 3, 2013",Run / Jog,1753,15.37,6379,6.92,0,8.67,0,,0,,,http://www.mapmyrun.com/workout/423304403
"Nov. 1, 2013","Nov. 1, 2013",Run / Jog,1306,11.5,3954,5.73,0,10.47,0,,0,,,http://www.mapmyrun.com/workout/421982257
"Nov. 3, 2013","Oct. 31, 2013",Run / Jog,1024,9.0,3780,7.0,0,8.57,0,,0,,,http://www.mapmyrun.com/workout/423306917
"Nov. 3, 2013","Oct. 30, 2013",Run / Jog,1137,10.0,4200,7.0,0,8.57,0,,0,,,http://www.mapmyrun.com/workout/423306301
"Oct. 29, 2013","Oct. 29, 2013",Run / Jog,924,8.0,3240,6.75,0,8.88889,0,0,0,,,http://www.mapmyrun.com/workout/419772045
"Oct. 29, 2013","Oct. 28, 2013",Run / Jog,1023,9.0,3780,7.0,0,8.57143,0,0,0,,,http://www.mapmyrun.com/workout/419771705
"Oct. 27, 2013","Oct. 27, 2013",Run / Jog,848,13.0,5470,7.01,0,8.56,0,,0,,,http://www.mapmyrun.com/workout/418668937
"Oct. 27, 2013","Oct. 25, 2013",Run / Jog,924,8.0,3240,6.75,0,8.89,0,,0,,,http://www.mapmyrun.com/workout/418668607
"Oct. 24, 2013","Oct. 24, 2013",Run / Jog,934,8.15,3348,6.84663,0,8.76344,0,0,0,,,http://www.mapmyrun.com/workout/416424153
"Oct. 23, 2013","Oct. 23, 2013",Run / Jog,796,7.0,2945,7.0119,0,8.55688,0,0,0,,,http://www.mapmyrun.com/workout/415533707
"Oct. 22, 2013","Oct. 22, 2013",Run / Jog,796,7.0,2940,7.0,0,8.57143,0,0,0,,,http://www.mapmyrun.com/workout/415049847
"Oct. 21, 2013","Oct. 21, 2013",Run / Jog,909,8.0,3360,7.0,0,8.57143,0,0,0,,,http://www.mapmyrun.com/workout/413889041
"Oct. 14, 2013","Oct. 12, 2013",Run / Jog,3023,26.2,10633,6.76399,0,8.8705,0,0,0,,,http://www.mapmyrun.com/workout/408805545
"Oct. 9, 2013","Oct. 9, 2013",Run / Jog,568,5.0,2100,7.0,0,8.57143,0,0,0,,,http://www.mapmyrun.com/workout/404797987
"Oct. 9, 2013","Oct. 8, 2013",Run / Jog,690,6.0,2340,6.5,0,9.23077,0,0,0,,,http://www.mapmyrun.com/workout/404798377
"Oct. 9, 2013","Oct. 7, 2013",Run / Jog,682,6.0,2520,7.0,0,8.57143,0,0,0,,,http://www.mapmyrun.com/workout/404798651
"Oct. 6, 2013","Oct. 6, 2013",Run / Jog,1158,10.2,4268,6.97386,0,8.60356,0,0,0,,,http://www.mapmyrun.com/workout/402508089
"Oct. 4, 2013","Oct. 4, 2013",Run / Jog,693,6.0,2363,6.56389,0,9.14092,0,0,0,,,http://www.mapmyrun.com/workout/400756237
"Oct. 4, 2013","Oct. 3, 2013",Run / Jog,809,7.0,3044,7.24762,0,8.27858,0,0,0,,,http://www.mapmyrun.com/workout/400756941
"Oct. 4, 2013","Oct. 2, 2013",Run / Jog,682,6.0,2520,7.0,0,8.57143,0,0,0,,,http://www.mapmyrun.com/workout/400757695
"Oct. 1, 2013","Oct. 1, 2013",Run / Jog,684,6.0,2537,7.04722,0,8.51399,0,0,0,,,http://www.mapmyrun.com/workout/398091415
"Oct. 1, 2013","Sept. 30, 2013",Run / Jog,568,5.0,2100,7.0,0,8.57143,0,0,0,,,http://www.mapmyrun.com/workout/398092079
"Oct. 22, 2013","Sept. 29, 2013",Run / Jog,1365,12.0,5040,7.0,0,8.57,0,,0,,,http://www.mapmyrun.com/workout/415359195
"Oct. 22, 2013","Sept. 27, 2013",Run / Jog,796,7.0,2940,7.0,0,8.57,0,,0,,,http://www.mapmyrun.com/workout/415358709
"Sept. 26, 2013","Sept. 26, 2013",Run / Jog,690,6.0,2581,7.16944,0,8.36885,0,0,0,,,http://www.mapmyrun.com/workout/393927721
"Sept. 26, 2013","Sept. 25, 2013",Run / Jog,682,6.0,2520,7.0,0,8.57143,0,0,0,,,http://www.mapmyrun.com/workout/393927999
"Sept. 24, 2013","Sept. 24, 2013",Run / Jog,398,4.0,8896,37.0667,0,1.61871,0,0,0,,,http://www.mapmyrun.com/workout/392079119
"Sept. 23, 2013","Sept. 23, 2013",Run / Jog,684,6.0,2490,6.91667,0,8.6747,0,0,0,,,http://www.mapmyrun.com/workout/391101037
"Sept. 23, 2013","Sept. 22, 2013",Run / Jog,953,8.2,3600,7.31707,0,8.2,0,0,0,,,http://www.mapmyrun.com/workout/391100369
"Sept. 20, 2013","Sept. 20, 2013",Run / Jog,682,6.0,2520,7.0,0,8.57143,0,0,0,,,http://www.mapmyrun.com/workout/388981465
"Sept. 20, 2013","Sept. 20, 2013",Run / Jog,0,0,0,0,0,0,0,0,0,,,http://www.mapmyrun.com/workout/388980535
"Sept. 20, 2013","Sept. 19, 2013",Run / Jog,700,6.1,2613,7.13934,0,8.40413,0,0,0,,,http://www.mapmyrun.com/workout/388980955
"Sept. 18, 2013","Sept. 18, 2013",Run / Jog,909,8.0,3360,7.0,0,8.57143,0,0,0,,,http://www.mapmyrun.com/workout/387494535
"Sept. 17, 2013","Sept. 17, 2013",Run / Jog,803,7.0,3000,7.14286,0,8.4,0,0,0,,,http://www.mapmyrun.com/workout/386606767
"Sept. 16, 2013","Sept. 16, 2013",Run / Jog,732,6.3,2520,6.66667,0,9.0,0,0,0,,,http://www.mapmyrun.com/workout/384938753
"Sept. 15, 2013","Sept. 15, 2013",Run / Jog,2275,20.0,8400,7.0,0,8.57,0,,0,,,http://www.mapmyrun.com/workout/384595935
"Sept. 15, 2013","Sept. 13, 2013",Run / Jog,602,5.3,2220,6.98,0,8.59,0,,0,,,http://www.mapmyrun.com/workout/384595047
"Sept. 12, 2013","Sept. 12, 2013",Run / Jog,796,7.0,2940,7.0,0,8.57143,0,0,0,,,http://www.mapmyrun.com/workout/381728025
"Sept. 11, 2013","Sept. 11, 2013",Run / Jog,909,8.0,3360,7.0,0,8.57143,0,0,0,,,http://www.mapmyrun.com/workout/380866423
"Sept. 11, 2013","Sept. 10, 2013",Run / Jog,909,8.0,3360,7.0,0,8.57143,0,0,0,,,http://www.mapmyrun.com/workout/380867055
"Sept. 9, 2013","Sept. 9, 2013",Run / Jog,387,3.3,1505,7.6,0,7.89,0,,0,,,http://www.mapmyrun.com/workout/379522599
"Sept. 9, 2013","Sept. 8, 2013",Run / Jog,1298,11.4,4800,7.02,0,8.55,0,,0,,,http://www.mapmyrun.com/workout/379520527
"Sept. 9, 2013","Sept. 6, 2013",Run / Jog,906,7.8,3420,7.31,0,8.21,0,,0,,,http://www.mapmyrun.com/workout/379519549
"Sept. 9, 2013","Sept. 5, 2013",Run / Jog,884,7.12238,3160,7.39316,4.12652,8.1156,14.5401,,,,Garmin Forerunner 110,http://www.mapmyrun.com/workout/379524115
"Sept. 5, 2013","Sept. 4, 2013",Run / Jog,746,6.5,2782,7.13,0,8.41,0,,0,,,http://www.mapmyrun.com/workout/376017903
"Sept. 9, 2013","Sept. 3, 2013",Run / Jog,734,5.90445,2688,7.58767,4.16885,7.90757,14.3924,,,,Garmin Forerunner 110,http://www.mapmyrun.com/workout/379524159
"Sept. 9, 2013","Sept. 2, 2013",Run / Jog,1117,8.99998,4077,7.54923,4.60154,7.94783,13.0391,,,,Garmin Forerunner 110,http://www.mapmyrun.com/workout/379524201
"Sept. 11, 2013","Sept. 1, 2013",Run / Jog,2297,19.9284,9943,8.31637,2.17867,7.21468,27.5398,0,0,,,http://www.mapmyrun.com/workout/380866359
"Aug. 29, 2013","Aug. 29, 2013",Run / Jog,869,6.99998,2974,7.08089,5.08578,8.47351,11.7976,,,,Garmin Forerunner 110,http://www.mapmyrun.com/workout/368994011
"Aug. 28, 2013","Aug. 28, 2013",Run / Jog,998,7.98153,3640,7.60057,5.41101,7.89415,11.0885,,,,Garmin Forerunner 110,http://www.mapmyrun.com/workout/368121945
"Aug. 27, 2013","Aug. 27, 2013",Run / Jog,690,5.58319,2758,8.23278,4.16497,7.28794,14.4059,,,,Garmin Forerunner 110,http://www.mapmyrun.com/workout/367140761
"Aug. 26, 2013","Aug. 26, 2013",Run / Jog,872,7.00551,3552,8.45066,5.62432,7.10004,10.6679,,,,Garmin Forerunner 110,http://www.mapmyrun.com/workout/366128165
"Aug. 25, 2013","Aug. 25, 2013",Run / Jog,373,4.00233,1724,7.17752,4.09252,8.35943,14.6609,160,,,Garmin Forerunner 110,http://www.mapmyrun.com/workout/365349151
"Aug. 24, 2013","Aug. 24, 2013",Run / Jog,1247,9.99917,4483,7.4735,5.72761,8.02836,10.4756,,,,Garmin Forerunner 110,http://www.mapmyrun.com/workout/364445707
"Aug. 23, 2013","Aug. 23, 2013",Run / Jog,1123,10.0,3660,6.1,0,9.84,0,,0,,,http://www.mapmyrun.com/workout/363770415
"Aug. 22, 2013","Aug. 22, 2013",Run / Jog,1025,9.0,3741,6.92778,0,8.66079,0,0,0,,,http://www.mapmyrun.com/workout/363286731
"Aug. 21, 2013","Aug. 21, 2013",Run / Jog,1241,10.569,4811,7.58664,2.72881,7.90864,21.9876,0,0,,,http://www.mapmyrun.com/workout/362200593
"Aug. 20, 2013","Aug. 20, 2013",Run / Jog,863,7.35,3299,7.48073,4.44084,8.02061,13.511,0,0,,,http://www.mapmyrun.com/workout/360787325
"Aug. 20, 2013","Aug. 19, 2013",Run / Jog,840,7.25,3162,7.27,0,8.25,0,,0,,,http://www.mapmyrun.com/workout/360686189
"Aug. 18, 2013","Aug. 18, 2013",Run / Jog,1621,13.95,6121,7.31302,3.38132,8.20454,17.7446,0,0,,,http://www.mapmyrun.com/workout/359301073
"Aug. 16, 2013","Aug. 16, 2013",Run / Jog,1097,9.35,4268,7.60784,4.44497,7.8866,13.4984,0,0,,,http://www.mapmyrun.com/workout/357249637
"Aug. 15, 2013","Aug. 15, 2013",Run / Jog,797,6.95,2973,7.1295,4.20769,8.41574,14.2596,0,0,,,http://www.mapmyrun.com/workout/356911279
"Aug. 14, 2013","Aug. 14, 2013",Run / Jog,908,8.0,3346,6.97083,2.78975,8.60729,21.5073,0,0,,,http://www.mapmyrun.com/workout/355224395
"Aug. 13, 2013","Aug. 13, 2013",Run / Jog,1014,9.0,3933,7.28333,3.51293,8.23799,17.0797,0,0,,,http://www.mapmyrun.com/workout/354239029
"Aug. 12, 2013","Aug. 12, 2013",Run / Jog,780,7.0,2989,7.11667,3.63414,8.43091,16.5101,0,0,,,http://www.mapmyrun.com/workout/353851587
"Aug. 4, 2013","Aug. 4, 2013",Run / Jog,1337,12.0,5127,7.12083,3.84133,8.42598,15.6196,0,0,NH SIP,,http://www.mapmyrun.com/workout/345973679
"Aug. 2, 2013","Aug. 2, 2013",Run / Jog,1215,11.0,4620,7.0,0,8.57143,0,0,0,,,http://www.mapmyrun.com/workout/344936519
"Aug. 2, 2013","Aug. 2, 2013",Run / Jog,484,4.24834,1945,7.63193,3.23549,7.86171,18.5443,0,0,,,http://www.mapmyrun.com/workout/344343181
"Aug. 1, 2013","Aug. 1, 2013",Run / Jog,502,4.48377,1934,7.19125,4.43776,8.34347,13.5203,0,0,,,http://www.mapmyrun.com/workout/344148807
"July 31, 2013","July 31, 2013",Run / Jog,808,7.10577,3161,7.41648,3.73862,8.0901,16.0487,0,0,,,http://www.mapmyrun.com/workout/342913753
"Aug. 1, 2013","July 30, 2013",Run / Jog,1322,12.0,4500,6.25,0,9.6,0,,0,,,http://www.mapmyrun.com/workout/344144307
"July 30, 2013","July 29, 2013",Run / Jog,570,5.0,2289,7.63,0,7.8637,0,0,0,,,http://www.mapmyrun.com/workout/341524537
"July 28, 2013","July 28, 2013",Run / Jog,786,7.0,3040,7.23809,4.66238,8.28947,12.869,0,0,,,http://www.mapmyrun.com/workout/339796787
"July 26, 2013","July 26, 2013",Run / Jog,780,7.0,2990,7.12,0,8.43,0,,0,,,http://www.mapmyrun.com/workout/338577755
"July 25, 2013","July 25, 2013",Run / Jog,1169,10.35,4140,6.67,0,9.0,0,,0,,,http://www.mapmyrun.com/workout/337962347
"July 25, 2013","July 24, 2013",Run / Jog,833,7.4,2980,6.71171,0,8.9396,0,0,0,,,http://www.mapmyrun.com/workout/337624171
"July 24, 2013","July 23, 2013",Run / Jog,1442,12.9274,5007,6.45582,2.33382,9.29395,25.7089,0,0,,,http://www.mapmyrun.com/workout/336412011
"July 22, 2013","July 22, 2013",Run / Jog,1119,10.0,4310,7.18333,3.9134,8.35267,15.3319,0,0,,,http://www.mapmyrun.com/workout/334813851
"July 21, 2013","July 21, 2013",Run / Jog,1102,9.47,3810,6.71,3.42819,8.95,17.502,0,0,,,http://www.mapmyrun.com/workout/334196741
"July 19, 2013","July 19, 2013",Run / Jog,754,6.5,3741,9.59,3.78326,6.26,15.8593,0,0,,,http://www.mapmyrun.com/workout/332076951
"July 18, 2013","July 18, 2013",Run / Jog,877,7.71,2892,6.25,4.0387,9.6,14.8563,0,0,,,http://www.mapmyrun.com/workout/331363115
"July 17, 2013","July 17, 2013",Run / Jog,631,5.43,2668,8.19,4.83737,7.33,12.4034,0,0,,,http://www.mapmyrun.com/workout/329928605
"July 16, 2013","July 16, 2013",Run / Jog,685,6.0,2520,7.0,0,8.57143,0,,0,,,http://www.mapmyrun.com/workout/329274781
"July 15, 2013","July 15, 2013",Run / Jog,680,5.78,2660,7.67,3.51676,7.82,17.0612,0,0,,,http://www.mapmyrun.com/workout/328207383
"July 14, 2013","July 14, 2013",Run / Jog,1525,13.06,6256,7.98,3.82132,7.52,15.7014,0,0,,,http://www.mapmyrun.com/workout/327473619
"July 14, 2013","July 12, 2013",Run / Jog,935,8.12,4161,8.54,3.08636,7.03,19.4404,0,0,,,http://www.mapmyrun.com/workout/327346607
"July 11, 2013","July 11, 2013",Run / Jog,830,7.28,3050,6.98,0,8.59,0,0,0,,,http://www.mapmyrun.com/workout/324963509
"July 10, 2013","July 10, 2013",Run / Jog,974,8.48338,3426,6.73189,3.63335,8.9128,16.5137,0,0,,,http://www.mapmyrun.com/workout/323966777
"July 9, 2013","July 9, 2013",Run / Jog,1183,10.2078,4518,7.37686,4.4031,8.13354,13.6268,0,0,,,http://www.mapmyrun.com/workout/323187371
"July 8, 2013","July 8, 2013",Run / Jog,572,5.0,2034,6.78,4.61574,8.84956,12.999,0,0,,,http://www.mapmyrun.com/workout/322117395
"July 7, 2013","July 7, 2013",Run / Jog,2208,19.0,8458,7.4193,3.72188,8.08702,16.1209,0,0,,,http://www.mapmyrun.com/workout/321084161
"July 5, 2013","July 5, 2013",Run / Jog,935,8.0,3600,7.5,0,8.0,0,0,0,,,http://www.mapmyrun.com/workout/319625943
"July 4, 2013","July 4, 2013",Run / Jog,577,5.0,2400,8.0,0,7.5,0,0,0,,,http://www.mapmyrun.com/workout/318965933
"July 3, 2013","July 3, 2013",Run / Jog,577,5.0,2400,8.0,0,7.5,0,0,0,,,http://www.mapmyrun.com/workout/318364413
"July 2, 2013","July 2, 2013",Run / Jog,924,8.01374,3515,7.31236,2.38675,8.20529,25.1388,0,0,,,http://www.mapmyrun.com/workout/317193883
"July 1, 2013","July 1, 2013",Run / Jog,492,4.35886,1815,6.94212,3.52811,8.64289,17.0063,0,0,,,http://www.mapmyrun.com/workout/316078345
"June 30, 2013","June 30, 2013",Run / Jog,1193,10.2407,4672,7.60512,3.27036,7.88942,18.3466,0,0,,,http://www.mapmyrun.com/workout/315231833
"June 28, 2013","June 28, 2013",Run / Jog,1164,10.0199,4651,7.73775,3.14537,7.7542,19.0756,0,0,,,http://www.mapmyrun.com/workout/314071749
"June 27, 2013","June 27, 2013",Run / Jog,468,4.06686,2396,9.81999,4.52855,6.10998,13.2493,0,0,,,http://www.mapmyrun.com/workout/313104437
"June 26, 2013","June 26, 2013",Run / Jog,838,7.26561,3489,8.00347,3.52489,7.49675,17.0218,0,0,,,http://www.mapmyrun.com/workout/312777361
"June 25, 2013","June 25, 2013",Run / Jog,988,8.46715,3834,7.54775,3.21226,7.94939,18.6784,0,0,,,http://www.mapmyrun.com/workout/311502753
"June 25, 2013","June 24, 2013",Run / Jog,320,2.81881,1199,7.09044,2.45572,8.4621,24.4328,0,0,,,http://www.mapmyrun.com/workout/311450041
"June 23, 2013","June 23, 2013",Run / Jog,2318,20.0031,8852,7.37608,3.55262,8.1344,16.889,0,0,,,http://www.mapmyrun.com/workout/309728363
"June 21, 2013","June 21, 2013",Run / Jog,929,8.10603,3511,7.21933,3.9428,8.31102,15.2176,0,0,,,http://www.mapmyrun.com/workout/308454683
"June 20, 2013","June 20, 2013",Run / Jog,469,4.03577,1848,7.63443,4.98045,7.85913,12.0471,0,0,,,http://www.mapmyrun.com/workout/307622223
"June 19, 2013","June 19, 2013",Run / Jog,593,5.25496,2191,6.95089,3.80556,8.63199,15.7664,0,0,,,http://www.mapmyrun.com/workout/306732193
"June 18, 2013","June 18, 2013",Run / Jog,961,8.45,3537,6.97633,0,8.60051,0,0,0,,,http://www.mapmyrun.com/workout/305800305
"June 19, 2013","June 17, 2013",Run / Jog,566,4.81598,2204,7.62953,3.97172,7.86418,15.1068,0,0,,,http://www.mapmyrun.com/workout/306694967
"June 16, 2013","June 16, 2013",Run / Jog,1453,12.4229,5843,7.84008,2.14844,7.65299,27.9273,0,0,,,http://www.mapmyrun.com/workout/303897727
"June 14, 2013","June 14, 2013",Run / Jog,1042,8.87962,4096,7.6887,3.95158,7.80366,15.1838,0,0,,,http://www.mapmyrun.com/workout/302708857
"June 13, 2013","June 13, 2013",Run / Jog,361,3.06963,1393,7.5659,4.5925,7.93032,13.0648,0,0,,,http://www.mapmyrun.com/workout/301928961
"June 12, 2013","June 12, 2013",Run / Jog,333,2.95,1243,7.0226,3.2989,8.54385,18.1879,0,0,,,http://www.mapmyrun.com/workout/301148621
"June 11, 2013","June 11, 2013",Run / Jog,577,5.0,2392,7.97333,3.67988,7.52508,16.3049,0,0,,,http://www.mapmyrun.com/workout/300268925
"June 10, 2013","June 10, 2013",Run / Jog,345,2.99687,1439,8.00436,4.07252,7.49592,14.7329,0,0,,,http://www.mapmyrun.com/workout/299395883
"June 9, 2013","June 9, 2013",Run / Jog,2230,19.2868,8498,7.34363,3.18362,8.17035,18.8465,0,0,,,http://www.mapmyrun.com/workout/298393595
"June 7, 2013","June 7, 2013",Run / Jog,1051,9.28012,3846,6.90727,2.82787,8.6865,21.2174,0,0,,,http://www.mapmyrun.com/workout/297452815
"June 6, 2013","June 6, 2013",Run / Jog,373,3.2156,1492,7.73337,4.32158,7.75859,13.8838,0,0,,,http://www.mapmyrun.com/workout/296242335
"June 6, 2013","June 5, 2013",Run / Jog,760,6.50702,4102,10.5075,2.94301,5.71019,20.3873,0,0,,,http://www.mapmyrun.com/workout/296166909
"June 4, 2013","June 4, 2013",Run / Jog,844,7.37293,2992,6.76564,3.81485,8.86835,15.728,0,0,,,http://www.mapmyrun.com/workout/294916047
"June 3, 2013","June 3, 2013",Run / Jog,334,2.92,1450,8.27626,4.39633,7.24965,13.6477,0,0,,,http://www.mapmyrun.com/workout/293699471
"June 2, 2013","June 2, 2013",Run / Jog,1900,16.3343,7539,7.69264,3.95012,7.79966,15.1894,0,0,,,http://www.mapmyrun.com/workout/292667965
"May 31, 2013","May 31, 2013",Run / Jog,820,7.21235,2967,6.85782,2.29896,8.74914,26.0987,0,0,,,http://www.mapmyrun.com/workout/291490547
"May 30, 2013","May 30, 2013",Run / Jog,340,3.0,1240,6.88889,0,8.70968,0,0,0,,,http://www.mapmyrun.com/workout/290745825
"May 29, 2013","May 29, 2013",Run / Jog,478,4.03804,1649,6.80657,3.50592,8.81501,17.1139,0,0,,,http://www.mapmyrun.com/workout/289930919
"May 28, 2013","May 28, 2013",Run / Jog,895,7.41274,3313,7.44924,3.88651,8.05451,15.438,0,0,,,http://www.mapmyrun.com/workout/289132007
"May 27, 2013","May 27, 2013",Run / Jog,303,2.55188,1460,9.53638,5.13826,6.29169,11.6771,0,0,,,http://www.mapmyrun.com/workout/288279975
"May 26, 2013","May 26, 2013",Indoor Run / Jog,1243,10.3004,4753,7.69176,3.5583,7.80055,16.862,0,0,,,http://www.mapmyrun.com/workout/287663657
"May 24, 2013","May 24, 2013",Run / Jog,598,5.00031,2415,8.0511,3.03165,7.4524,19.7912,0,0,,,http://www.mapmyrun.com/workout/286657399
"May 24, 2013","May 23, 2013",Run / Jog,285,2.42,1252,8.62259,0,6.95847,0,0,0,,,http://www.mapmyrun.com/workout/286287165
"May 27, 2013","May 22, 2013",Run / Jog,725,6.13,2382,6.47635,0,9.26448,0,0,0,,,http://www.mapmyrun.com/workout/288013131
"May 22, 2013","May 22, 2013",Run / Jog,639,5.35711,3146,9.78913,4.15808,6.12925,14.4297,0,0,,,http://www.mapmyrun.com/workout/285147627
"May 21, 2013","May 21, 2013",Run / Jog,715,6.14,2503,6.79,0,8.83,0,,0,,,http://www.mapmyrun.com/workout/284549717
"May 20, 2013","May 20, 2013",Run / Jog,351,2.95,1334,7.54,3.57365,7.96,16.7896,0,0,,,http://www.mapmyrun.com/workout/283476235
"May 19, 2013","May 19, 2013",Run / Jog,1780,15.1474,6065,6.67384,2.33718,8.99032,25.672,0,0,,,http://www.mapmyrun.com/workout/282923437
"May 17, 2013","May 17, 2013",Run / Jog,826,7.12647,2927,6.84623,3.69564,8.76395,16.2354,0,0,,,http://www.mapmyrun.com/workout/281534121
"May 17, 2013","May 16, 2013",Run / Jog,345,2.92967,1376,7.82889,4.00819,7.66393,14.9693,0,0,,,http://www.mapmyrun.com/workout/281300327
"May 15, 2013","May 15, 2013",Run / Jog,560,5.4,4167,12.8611,3.13663,4.66523,19.1288,0,0,,,http://www.mapmyrun.com/workout/279997653
"May 14, 2013","May 14, 2013",Run / Jog,730,6.05155,2785,7.67166,3.28358,7.82099,18.2727,0,0,,,http://www.mapmyrun.com/workout/279149045
"May 13, 2013","May 13, 2013",Run / Jog,358,2.95931,1336,7.52884,3.06463,7.96935,19.5782,0,0,,,http://www.mapmyrun.com/workout/278313639
"May 12, 2013","May 12, 2013",Run / Jog,1455,12.0433,5505,7.61961,3.52241,7.87442,17.0338,0,0,,,http://www.mapmyrun.com/workout/277774271
"May 10, 2013","May 10, 2013",Run / Jog,825,7.01318,2748,6.5308,3.75224,9.18724,15.9905,0,0,,,http://www.mapmyrun.com/workout/276653333
"May 10, 2013","May 9, 2013",Run / Jog,378,3.17109,1480,7.78331,3.10285,7.7088,19.3371,0,0,,,http://www.mapmyrun.com/workout/276559593
"May 8, 2013","May 8, 2013",Run / Jog,519,4.08,1684,6.88,2.77695,8.72,21.6065,0,0,,,http://www.mapmyrun.com/workout/275152810
"May 8, 2013","May 7, 2013",Run / Jog,761,6.33567,2853,7.50649,2.33059,7.99308,25.7445,0,0,,,http://www.mapmyrun.com/workout/275105522
"May 6, 2013","May 6, 2013",Run / Jog,348,2.90525,1320,7.57579,3.0637,7.91997,19.5842,0,0,,,http://www.mapmyrun.com/workout/273912670
"May 5, 2013","May 5, 2013",Run / Jog,1586,13.43,5844,7.25242,2.38906,8.2731,25.1145,0,0,,,http://www.mapmyrun.com/workout/272995152
"May 3, 2013","May 3, 2013",Run / Jog,713,6.0271,2935,8.11827,4.53336,7.39074,13.2352,0,0,,,http://www.mapmyrun.com/workout/271557764
"May 2, 2013","May 2, 2013",Run / Jog,305,2.57457,1241,8.03731,4.35451,7.46518,13.7788,0,0,,,http://www.mapmyrun.com/workout/270874518
"May 1, 2013","May 1, 2013",Run / Jog,581,4.81,3113,10.7866,4.00265,5.56248,14.9901,0,0,,,http://www.mapmyrun.com/workout/270153354
"April 30, 2013","April 30, 2013",Run / Jog,681,6.13816,2550,6.92481,3.30104,8.6645,18.1761,0,0,,,http://www.mapmyrun.com/workout/269513336
"April 29, 2013","April 29, 2013",Run / Jog,353,3.15044,1355,7.16984,3.65465,8.36839,16.4174,0,0,,,http://www.mapmyrun.com/workout/268540374
"April 28, 2013","April 28, 2013",Run / Jog,446,3.99166,1710,7.1419,4.70144,8.40112,12.762,0,0,,,http://www.mapmyrun.com/workout/268055630
"April 28, 2013","April 28, 2013",Run / Jog,339,3.19,1113,5.82,0,10.32,0,,0,,,http://www.mapmyrun.com/workout/267998586
"April 28, 2013","April 28, 2013",Run / Jog,250,2.24627,1199,8.90089,5.84933,6.7409,10.2576,0,0,,,http://www.mapmyrun.com/workout/267918292
"April 28, 2013","April 28, 2013",Run / Jog,437,3.90133,1971,8.42187,2.33281,7.12431,25.7201,0,0,,,http://www.mapmyrun.com/workout/267814606
"April 26, 2013","April 26, 2013",Run / Jog,580,5.16863,2102,6.77893,3.28281,8.85095,18.277,0,0,,,http://www.mapmyrun.com/workout/266638620
"April 25, 2013","April 25, 2013",Run / Jog,316,2.78832,1331,7.9598,5.35412,7.53788,11.2063,0,0,,,http://www.mapmyrun.com/workout/265984300
"April 24, 2013","April 24, 2013",Run / Jog,562,4.98,2423,8.1091,3.58013,7.39909,16.7592,0,0,,,http://www.mapmyrun.com/workout/265346978
"April 23, 2013","April 23, 2013",Run / Jog,563,4.99243,2176,7.26447,2.17994,8.25938,27.5237,0,0,,,http://www.mapmyrun.com/workout/264688920
"April 22, 2013","April 22, 2013",Run / Jog,275,2.42189,1145,7.87991,3.57618,7.6143,16.7777,0,0,,,http://www.mapmyrun.com/workout/264094300
"April 21, 2013","April 21, 2013",Run / Jog,1144,10.3293,4336,6.99639,2.97133,8.57585,20.193,0,0,,,http://www.mapmyrun.com/workout/263475228
"April 19, 2013","April 19, 2013",Run / Jog,479,4.25096,1685,6.60818,4.65532,9.07966,12.8885,0,0,,,http://www.mapmyrun.com/workout/262262480
"April 18, 2013","April 18, 2013",Run / Jog,348,3.08549,1349,7.28897,2.39867,8.23162,25.0139,0,0,,,http://www.mapmyrun.com/workout/261722844
"April 17, 2013","April 17, 2013",Run / Jog,358,3.23316,1361,7.01933,4.88267,8.54782,12.2883,0,0,,,http://www.mapmyrun.com/workout/261123768
"April 16, 2013","April 16, 2013",Run / Jog,436,3.87828,1682,7.22952,4.33067,8.29931,13.8547,0,0,,,http://www.mapmyrun.com/workout/260432952
"April 19, 2013","April 15, 2013",Run / Jog,274,2.42,1063,7.32094,0,8.19567,0,,0,,,http://www.mapmyrun.com/workout/262291922
